2025-08-20 03:18:28: [dotenv@17.2.1] injecting env (13) from .env -- tip: 📡 auto-backup env with Radar: https://dotenvx.com/radar
2025-08-20 03:18:28: [dotenv@17.2.1] injecting env (0) from .env -- tip: 🔐 prevent committing .env to code: https://dotenvx.com/precommit
2025-08-20 03:18:28: [dotenv@17.2.1] injecting env (0) from .env -- tip: 🛠️  run anywhere with `dotenvx run -- yourcommand`
2025-08-20 03:18:28: Ignoring invalid configuration option passed to Connection: acquireTimeout. This is currently a warning, but in future versions of MySQL2, an error will be thrown if you pass an invalid configuration option to a Connection
2025-08-20 03:18:28: Ignoring invalid configuration option passed to Connection: timeout. This is currently a warning, but in future versions of MySQL2, an error will be thrown if you pass an invalid configuration option to a Connection
2025-08-20 03:18:28: Ignoring invalid configuration option passed to Connection: reconnect. This is currently a warning, but in future versions of MySQL2, an error will be thrown if you pass an invalid configuration option to a Connection
2025-08-20 03:18:28: 🚀 服务器启动成功！
2025-08-20 03:18:28: 📍 端口: 3000
2025-08-20 03:18:28: 🌍 环境: production
2025-08-20 03:18:28: 📖 API文档: http://localhost:3000/api
2025-08-20 03:18:28: 💊 健康检查: http://localhost:3000/health
2025-08-20 03:18:29: [dotenv@17.2.1] injecting env (13) from .env -- tip: 📡 observe env with Radar: https://dotenvx.com/radar
2025-08-20 03:18:29: [dotenv@17.2.1] injecting env (0) from .env -- tip: 🔐 prevent committing .env to code: https://dotenvx.com/precommit
2025-08-20 03:18:29: [dotenv@17.2.1] injecting env (0) from .env -- tip: 🔐 prevent building .env in docker: https://dotenvx.com/prebuild
2025-08-20 03:18:29: Ignoring invalid configuration option passed to Connection: acquireTimeout. This is currently a warning, but in future versions of MySQL2, an error will be thrown if you pass an invalid configuration option to a Connection
2025-08-20 03:18:29: Ignoring invalid configuration option passed to Connection: timeout. This is currently a warning, but in future versions of MySQL2, an error will be thrown if you pass an invalid configuration option to a Connection
2025-08-20 03:18:29: Ignoring invalid configuration option passed to Connection: reconnect. This is currently a warning, but in future versions of MySQL2, an error will be thrown if you pass an invalid configuration option to a Connection
2025-08-20 03:18:29: 🚀 服务器启动成功！
2025-08-20 03:18:29: 📍 端口: 3000
2025-08-20 03:18:29: 🌍 环境: production
2025-08-20 03:18:29: 📖 API文档: http://localhost:3000/api
2025-08-20 03:18:29: 💊 健康检查: http://localhost:3000/health
2025-08-20 03:18:31: [dotenv@17.2.1] injecting env (13) from .env -- tip: ⚙️  load multiple .env files with { path: ['.env.local', '.env'] }
2025-08-20 03:18:31: [dotenv@17.2.1] injecting env (0) from .env -- tip: 📡 observe env with Radar: https://dotenvx.com/radar
2025-08-20 03:18:31: [dotenv@17.2.1] injecting env (0) from .env -- tip: 🛠️  run anywhere with `dotenvx run -- yourcommand`
2025-08-20 03:18:31: Ignoring invalid configuration option passed to Connection: acquireTimeout. This is currently a warning, but in future versions of MySQL2, an error will be thrown if you pass an invalid configuration option to a Connection
2025-08-20 03:18:31: Ignoring invalid configuration option passed to Connection: timeout. This is currently a warning, but in future versions of MySQL2, an error will be thrown if you pass an invalid configuration option to a Connection
2025-08-20 03:18:31: Ignoring invalid configuration option passed to Connection: reconnect. This is currently a warning, but in future versions of MySQL2, an error will be thrown if you pass an invalid configuration option to a Connection
2025-08-20 03:18:31: 🚀 服务器启动成功！
2025-08-20 03:18:31: 📍 端口: 3000
2025-08-20 03:18:31: 🌍 环境: production
2025-08-20 03:18:31: 📖 API文档: http://localhost:3000/api
2025-08-20 03:18:31: 💊 健康检查: http://localhost:3000/health
2025-08-20 03:18:32: [dotenv@17.2.1] injecting env (13) from .env -- tip: ⚙️  specify custom .env file path with { path: '/custom/path/.env' }
2025-08-20 03:18:32: [dotenv@17.2.1] injecting env (0) from .env -- tip: 🔐 prevent committing .env to code: https://dotenvx.com/precommit
2025-08-20 03:18:32: [dotenv@17.2.1] injecting env (0) from .env -- tip: 🔐 encrypt with Dotenvx: https://dotenvx.com
2025-08-20 03:18:32: Ignoring invalid configuration option passed to Connection: acquireTimeout. This is currently a warning, but in future versions of MySQL2, an error will be thrown if you pass an invalid configuration option to a Connection
2025-08-20 03:18:32: Ignoring invalid configuration option passed to Connection: timeout. This is currently a warning, but in future versions of MySQL2, an error will be thrown if you pass an invalid configuration option to a Connection
2025-08-20 03:18:32: Ignoring invalid configuration option passed to Connection: reconnect. This is currently a warning, but in future versions of MySQL2, an error will be thrown if you pass an invalid configuration option to a Connection
2025-08-20 03:18:33: 🚀 服务器启动成功！
2025-08-20 03:18:33: 📍 端口: 3000
2025-08-20 03:18:33: 🌍 环境: production
2025-08-20 03:18:33: 📖 API文档: http://localhost:3000/api
2025-08-20 03:18:33: 💊 健康检查: http://localhost:3000/health
2025-08-20 03:18:34: [dotenv@17.2.1] injecting env (13) from .env -- tip: 🔐 prevent building .env in docker: https://dotenvx.com/prebuild
2025-08-20 03:18:34: [dotenv@17.2.1] injecting env (0) from .env -- tip: 📡 auto-backup env with Radar: https://dotenvx.com/radar
2025-08-20 03:18:34: [dotenv@17.2.1] injecting env (0) from .env -- tip: 📡 observe env with Radar: https://dotenvx.com/radar
2025-08-20 03:18:34: Ignoring invalid configuration option passed to Connection: acquireTimeout. This is currently a warning, but in future versions of MySQL2, an error will be thrown if you pass an invalid configuration option to a Connection
2025-08-20 03:18:34: Ignoring invalid configuration option passed to Connection: timeout. This is currently a warning, but in future versions of MySQL2, an error will be thrown if you pass an invalid configuration option to a Connection
2025-08-20 03:18:34: Ignoring invalid configuration option passed to Connection: reconnect. This is currently a warning, but in future versions of MySQL2, an error will be thrown if you pass an invalid configuration option to a Connection
2025-08-20 03:18:34: 🚀 服务器启动成功！
2025-08-20 03:18:34: 📍 端口: 3000
2025-08-20 03:18:34: 🌍 环境: production
2025-08-20 03:18:34: 📖 API文档: http://localhost:3000/api
2025-08-20 03:18:34: 💊 健康检查: http://localhost:3000/health
2025-08-20 03:18:35: [dotenv@17.2.1] injecting env (13) from .env -- tip: 📡 version env with Radar: https://dotenvx.com/radar
2025-08-20 03:18:35: [dotenv@17.2.1] injecting env (0) from .env -- tip: 🔐 prevent committing .env to code: https://dotenvx.com/precommit
2025-08-20 03:18:35: [dotenv@17.2.1] injecting env (0) from .env -- tip: 🛠️  run anywhere with `dotenvx run -- yourcommand`
2025-08-20 03:18:35: Ignoring invalid configuration option passed to Connection: acquireTimeout. This is currently a warning, but in future versions of MySQL2, an error will be thrown if you pass an invalid configuration option to a Connection
2025-08-20 03:18:35: Ignoring invalid configuration option passed to Connection: timeout. This is currently a warning, but in future versions of MySQL2, an error will be thrown if you pass an invalid configuration option to a Connection
2025-08-20 03:18:35: Ignoring invalid configuration option passed to Connection: reconnect. This is currently a warning, but in future versions of MySQL2, an error will be thrown if you pass an invalid configuration option to a Connection
2025-08-20 03:18:36: 🚀 服务器启动成功！
2025-08-20 03:18:36: 📍 端口: 3000
2025-08-20 03:18:36: 🌍 环境: production
2025-08-20 03:18:36: 📖 API文档: http://localhost:3000/api
2025-08-20 03:18:36: 💊 健康检查: http://localhost:3000/health
2025-08-20 03:18:37: [dotenv@17.2.1] injecting env (13) from .env -- tip: ⚙️  write to custom object with { processEnv: myObject }
2025-08-20 03:18:37: [dotenv@17.2.1] injecting env (0) from .env -- tip: 📡 version env with Radar: https://dotenvx.com/radar
2025-08-20 03:18:37: [dotenv@17.2.1] injecting env (0) from .env -- tip: ⚙️  suppress all logs with { quiet: true }
2025-08-20 03:18:37: Ignoring invalid configuration option passed to Connection: acquireTimeout. This is currently a warning, but in future versions of MySQL2, an error will be thrown if you pass an invalid configuration option to a Connection
2025-08-20 03:18:37: Ignoring invalid configuration option passed to Connection: timeout. This is currently a warning, but in future versions of MySQL2, an error will be thrown if you pass an invalid configuration option to a Connection
2025-08-20 03:18:37: Ignoring invalid configuration option passed to Connection: reconnect. This is currently a warning, but in future versions of MySQL2, an error will be thrown if you pass an invalid configuration option to a Connection
2025-08-20 03:18:37: 🚀 服务器启动成功！
2025-08-20 03:18:37: 📍 端口: 3000
2025-08-20 03:18:37: 🌍 环境: production
2025-08-20 03:18:37: 📖 API文档: http://localhost:3000/api
2025-08-20 03:18:37: 💊 健康检查: http://localhost:3000/health
2025-08-20 03:18:39: [dotenv@17.2.1] injecting env (13) from .env -- tip: ⚙️  load multiple .env files with { path: ['.env.local', '.env'] }
2025-08-20 03:18:39: [dotenv@17.2.1] injecting env (0) from .env -- tip: ⚙️  specify custom .env file path with { path: '/custom/path/.env' }
2025-08-20 03:18:39: [dotenv@17.2.1] injecting env (0) from .env -- tip: 🔐 encrypt with Dotenvx: https://dotenvx.com
2025-08-20 03:18:39: Ignoring invalid configuration option passed to Connection: acquireTimeout. This is currently a warning, but in future versions of MySQL2, an error will be thrown if you pass an invalid configuration option to a Connection
2025-08-20 03:18:39: Ignoring invalid configuration option passed to Connection: timeout. This is currently a warning, but in future versions of MySQL2, an error will be thrown if you pass an invalid configuration option to a Connection
2025-08-20 03:18:39: Ignoring invalid configuration option passed to Connection: reconnect. This is currently a warning, but in future versions of MySQL2, an error will be thrown if you pass an invalid configuration option to a Connection
2025-08-20 03:18:39: 🚀 服务器启动成功！
2025-08-20 03:18:39: 📍 端口: 3000
2025-08-20 03:18:39: 🌍 环境: production
2025-08-20 03:18:39: 📖 API文档: http://localhost:3000/api
2025-08-20 03:18:39: 💊 健康检查: http://localhost:3000/health
2025-08-20 03:18:40: [dotenv@17.2.1] injecting env (13) from .env -- tip: ⚙️  load multiple .env files with { path: ['.env.local', '.env'] }
2025-08-20 03:18:40: [dotenv@17.2.1] injecting env (0) from .env -- tip: ⚙️  enable debug logging with { debug: true }
2025-08-20 03:18:40: [dotenv@17.2.1] injecting env (0) from .env -- tip: ⚙️  override existing env vars with { override: true }
2025-08-20 03:18:40: Ignoring invalid configuration option passed to Connection: acquireTimeout. This is currently a warning, but in future versions of MySQL2, an error will be thrown if you pass an invalid configuration option to a Connection
2025-08-20 03:18:40: Ignoring invalid configuration option passed to Connection: timeout. This is currently a warning, but in future versions of MySQL2, an error will be thrown if you pass an invalid configuration option to a Connection
2025-08-20 03:18:40: Ignoring invalid configuration option passed to Connection: reconnect. This is currently a warning, but in future versions of MySQL2, an error will be thrown if you pass an invalid configuration option to a Connection
2025-08-20 03:18:40: 🚀 服务器启动成功！
2025-08-20 03:18:40: 📍 端口: 3000
2025-08-20 03:18:40: 🌍 环境: production
2025-08-20 03:18:40: 📖 API文档: http://localhost:3000/api
2025-08-20 03:18:40: 💊 健康检查: http://localhost:3000/health
2025-08-20 03:18:42: [dotenv@17.2.1] injecting env (13) from .env -- tip: ⚙️  write to custom object with { processEnv: myObject }
2025-08-20 03:18:42: [dotenv@17.2.1] injecting env (0) from .env -- tip: 🔐 prevent building .env in docker: https://dotenvx.com/prebuild
2025-08-20 03:18:42: [dotenv@17.2.1] injecting env (0) from .env -- tip: 🔐 prevent committing .env to code: https://dotenvx.com/precommit
2025-08-20 03:18:42: Ignoring invalid configuration option passed to Connection: acquireTimeout. This is currently a warning, but in future versions of MySQL2, an error will be thrown if you pass an invalid configuration option to a Connection
2025-08-20 03:18:42: Ignoring invalid configuration option passed to Connection: timeout. This is currently a warning, but in future versions of MySQL2, an error will be thrown if you pass an invalid configuration option to a Connection
2025-08-20 03:18:42: Ignoring invalid configuration option passed to Connection: reconnect. This is currently a warning, but in future versions of MySQL2, an error will be thrown if you pass an invalid configuration option to a Connection
2025-08-20 03:18:42: 🚀 服务器启动成功！
2025-08-20 03:18:42: 📍 端口: 3000
2025-08-20 03:18:42: 🌍 环境: production
2025-08-20 03:18:42: 📖 API文档: http://localhost:3000/api
2025-08-20 03:18:42: 💊 健康检查: http://localhost:3000/health
2025-08-20 03:18:43: [dotenv@17.2.1] injecting env (13) from .env -- tip: 🔐 prevent committing .env to code: https://dotenvx.com/precommit
2025-08-20 03:18:43: [dotenv@17.2.1] injecting env (0) from .env -- tip: 🔐 prevent committing .env to code: https://dotenvx.com/precommit
2025-08-20 03:18:43: [dotenv@17.2.1] injecting env (0) from .env -- tip: 🔐 prevent committing .env to code: https://dotenvx.com/precommit
2025-08-20 03:18:43: Ignoring invalid configuration option passed to Connection: acquireTimeout. This is currently a warning, but in future versions of MySQL2, an error will be thrown if you pass an invalid configuration option to a Connection
2025-08-20 03:18:43: Ignoring invalid configuration option passed to Connection: timeout. This is currently a warning, but in future versions of MySQL2, an error will be thrown if you pass an invalid configuration option to a Connection
2025-08-20 03:18:43: Ignoring invalid configuration option passed to Connection: reconnect. This is currently a warning, but in future versions of MySQL2, an error will be thrown if you pass an invalid configuration option to a Connection
2025-08-20 03:18:43: 🚀 服务器启动成功！
2025-08-20 03:18:43: 📍 端口: 3000
2025-08-20 03:18:43: 🌍 环境: production
2025-08-20 03:18:43: 📖 API文档: http://localhost:3000/api
2025-08-20 03:18:43: 💊 健康检查: http://localhost:3000/health
2025-08-20 03:18:45: [dotenv@17.2.1] injecting env (13) from .env -- tip: 🔐 encrypt with Dotenvx: https://dotenvx.com
2025-08-20 03:18:45: [dotenv@17.2.1] injecting env (0) from .env -- tip: ⚙️  enable debug logging with { debug: true }
2025-08-20 03:18:45: [dotenv@17.2.1] injecting env (0) from .env -- tip: 🔐 encrypt with Dotenvx: https://dotenvx.com
2025-08-20 03:18:45: Ignoring invalid configuration option passed to Connection: acquireTimeout. This is currently a warning, but in future versions of MySQL2, an error will be thrown if you pass an invalid configuration option to a Connection
2025-08-20 03:18:45: Ignoring invalid configuration option passed to Connection: timeout. This is currently a warning, but in future versions of MySQL2, an error will be thrown if you pass an invalid configuration option to a Connection
2025-08-20 03:18:45: Ignoring invalid configuration option passed to Connection: reconnect. This is currently a warning, but in future versions of MySQL2, an error will be thrown if you pass an invalid configuration option to a Connection
2025-08-20 03:18:45: 🚀 服务器启动成功！
2025-08-20 03:18:45: 📍 端口: 3000
2025-08-20 03:18:45: 🌍 环境: production
2025-08-20 03:18:45: 📖 API文档: http://localhost:3000/api
2025-08-20 03:18:45: 💊 健康检查: http://localhost:3000/health
2025-08-20 03:18:46: [dotenv@17.2.1] injecting env (13) from .env -- tip: ⚙️  enable debug logging with { debug: true }
2025-08-20 03:18:46: [dotenv@17.2.1] injecting env (0) from .env -- tip: ⚙️  enable debug logging with { debug: true }
2025-08-20 03:18:46: [dotenv@17.2.1] injecting env (0) from .env -- tip: 📡 version env with Radar: https://dotenvx.com/radar
2025-08-20 03:18:46: Ignoring invalid configuration option passed to Connection: acquireTimeout. This is currently a warning, but in future versions of MySQL2, an error will be thrown if you pass an invalid configuration option to a Connection
2025-08-20 03:18:46: Ignoring invalid configuration option passed to Connection: timeout. This is currently a warning, but in future versions of MySQL2, an error will be thrown if you pass an invalid configuration option to a Connection
2025-08-20 03:18:46: Ignoring invalid configuration option passed to Connection: reconnect. This is currently a warning, but in future versions of MySQL2, an error will be thrown if you pass an invalid configuration option to a Connection
2025-08-20 03:18:46: 🚀 服务器启动成功！
2025-08-20 03:18:46: 📍 端口: 3000
2025-08-20 03:18:46: 🌍 环境: production
2025-08-20 03:18:46: 📖 API文档: http://localhost:3000/api
2025-08-20 03:18:46: 💊 健康检查: http://localhost:3000/health
2025-08-20 03:18:48: [dotenv@17.2.1] injecting env (13) from .env -- tip: 📡 auto-backup env with Radar: https://dotenvx.com/radar
2025-08-20 03:18:48: [dotenv@17.2.1] injecting env (0) from .env -- tip: ⚙️  load multiple .env files with { path: ['.env.local', '.env'] }
2025-08-20 03:18:48: [dotenv@17.2.1] injecting env (0) from .env -- tip: 🛠️  run anywhere with `dotenvx run -- yourcommand`
2025-08-20 03:18:48: Ignoring invalid configuration option passed to Connection: acquireTimeout. This is currently a warning, but in future versions of MySQL2, an error will be thrown if you pass an invalid configuration option to a Connection
2025-08-20 03:18:48: Ignoring invalid configuration option passed to Connection: timeout. This is currently a warning, but in future versions of MySQL2, an error will be thrown if you pass an invalid configuration option to a Connection
2025-08-20 03:18:48: Ignoring invalid configuration option passed to Connection: reconnect. This is currently a warning, but in future versions of MySQL2, an error will be thrown if you pass an invalid configuration option to a Connection
2025-08-20 03:18:48: 🚀 服务器启动成功！
2025-08-20 03:18:48: 📍 端口: 3000
2025-08-20 03:18:48: 🌍 环境: production
2025-08-20 03:18:48: 📖 API文档: http://localhost:3000/api
2025-08-20 03:18:48: 💊 健康检查: http://localhost:3000/health
2025-08-20 03:18:49: [dotenv@17.2.1] injecting env (13) from .env -- tip: ⚙️  specify custom .env file path with { path: '/custom/path/.env' }
2025-08-20 03:18:49: [dotenv@17.2.1] injecting env (0) from .env -- tip: 📡 auto-backup env with Radar: https://dotenvx.com/radar
2025-08-20 03:18:49: [dotenv@17.2.1] injecting env (0) from .env -- tip: ⚙️  override existing env vars with { override: true }
2025-08-20 03:18:49: Ignoring invalid configuration option passed to Connection: acquireTimeout. This is currently a warning, but in future versions of MySQL2, an error will be thrown if you pass an invalid configuration option to a Connection
2025-08-20 03:18:49: Ignoring invalid configuration option passed to Connection: timeout. This is currently a warning, but in future versions of MySQL2, an error will be thrown if you pass an invalid configuration option to a Connection
2025-08-20 03:18:49: Ignoring invalid configuration option passed to Connection: reconnect. This is currently a warning, but in future versions of MySQL2, an error will be thrown if you pass an invalid configuration option to a Connection
2025-08-20 03:18:49: 🚀 服务器启动成功！
2025-08-20 03:18:49: 📍 端口: 3000
2025-08-20 03:18:49: 🌍 环境: production
2025-08-20 03:18:49: 📖 API文档: http://localhost:3000/api
2025-08-20 03:18:49: 💊 健康检查: http://localhost:3000/health
2025-08-20 03:18:51: [dotenv@17.2.1] injecting env (13) from .env -- tip: 🔐 prevent committing .env to code: https://dotenvx.com/precommit
2025-08-20 03:18:51: [dotenv@17.2.1] injecting env (0) from .env -- tip: ⚙️  write to custom object with { processEnv: myObject }
2025-08-20 03:18:51: [dotenv@17.2.1] injecting env (0) from .env -- tip: 🔐 prevent building .env in docker: https://dotenvx.com/prebuild
2025-08-20 03:18:51: Ignoring invalid configuration option passed to Connection: acquireTimeout. This is currently a warning, but in future versions of MySQL2, an error will be thrown if you pass an invalid configuration option to a Connection
2025-08-20 03:18:51: Ignoring invalid configuration option passed to Connection: timeout. This is currently a warning, but in future versions of MySQL2, an error will be thrown if you pass an invalid configuration option to a Connection
2025-08-20 03:18:51: Ignoring invalid configuration option passed to Connection: reconnect. This is currently a warning, but in future versions of MySQL2, an error will be thrown if you pass an invalid configuration option to a Connection
2025-08-20 03:18:51: 🚀 服务器启动成功！
2025-08-20 03:18:51: 📍 端口: 3000
2025-08-20 03:18:51: 🌍 环境: production
2025-08-20 03:18:51: 📖 API文档: http://localhost:3000/api
2025-08-20 03:18:51: 💊 健康检查: http://localhost:3000/health
2025-08-20 03:18:52: [dotenv@17.2.1] injecting env (13) from .env -- tip: 🔐 encrypt with Dotenvx: https://dotenvx.com
2025-08-20 03:18:52: [dotenv@17.2.1] injecting env (0) from .env -- tip: ⚙️  enable debug logging with { debug: true }
2025-08-20 03:18:52: [dotenv@17.2.1] injecting env (0) from .env -- tip: 🔐 prevent committing .env to code: https://dotenvx.com/precommit
2025-08-20 03:18:52: Ignoring invalid configuration option passed to Connection: acquireTimeout. This is currently a warning, but in future versions of MySQL2, an error will be thrown if you pass an invalid configuration option to a Connection
2025-08-20 03:18:52: Ignoring invalid configuration option passed to Connection: timeout. This is currently a warning, but in future versions of MySQL2, an error will be thrown if you pass an invalid configuration option to a Connection
2025-08-20 03:18:52: Ignoring invalid configuration option passed to Connection: reconnect. This is currently a warning, but in future versions of MySQL2, an error will be thrown if you pass an invalid configuration option to a Connection
2025-08-20 03:18:52: 🚀 服务器启动成功！
2025-08-20 03:18:52: 📍 端口: 3000
2025-08-20 03:18:52: 🌍 环境: production
2025-08-20 03:18:52: 📖 API文档: http://localhost:3000/api
2025-08-20 03:18:52: 💊 健康检查: http://localhost:3000/health
2025-08-20 03:19:27: [dotenv@17.2.1] injecting env (13) from .env -- tip: 📡 observe env with Radar: https://dotenvx.com/radar
2025-08-20 03:19:27: [dotenv@17.2.1] injecting env (0) from .env -- tip: 📡 version env with Radar: https://dotenvx.com/radar
2025-08-20 03:19:27: [dotenv@17.2.1] injecting env (0) from .env -- tip: ⚙️  override existing env vars with { override: true }
2025-08-20 03:19:27: Ignoring invalid configuration option passed to Connection: acquireTimeout. This is currently a warning, but in future versions of MySQL2, an error will be thrown if you pass an invalid configuration option to a Connection
2025-08-20 03:19:27: Ignoring invalid configuration option passed to Connection: timeout. This is currently a warning, but in future versions of MySQL2, an error will be thrown if you pass an invalid configuration option to a Connection
2025-08-20 03:19:27: Ignoring invalid configuration option passed to Connection: reconnect. This is currently a warning, but in future versions of MySQL2, an error will be thrown if you pass an invalid configuration option to a Connection
2025-08-20 03:19:27: 🚀 服务器启动成功！
2025-08-20 03:19:27: 📍 端口: 3000
2025-08-20 03:19:27: 🌍 环境: production
2025-08-20 03:19:27: 📖 API文档: http://localhost:3000/api
2025-08-20 03:19:27: 💊 健康检查: http://localhost:3000/health
2025-08-20 03:19:28: [dotenv@17.2.1] injecting env (13) from .env -- tip: 📡 auto-backup env with Radar: https://dotenvx.com/radar
2025-08-20 03:19:28: [dotenv@17.2.1] injecting env (0) from .env -- tip: 📡 auto-backup env with Radar: https://dotenvx.com/radar
2025-08-20 03:19:28: [dotenv@17.2.1] injecting env (0) from .env -- tip: 🔐 encrypt with Dotenvx: https://dotenvx.com
2025-08-20 03:19:28: Ignoring invalid configuration option passed to Connection: acquireTimeout. This is currently a warning, but in future versions of MySQL2, an error will be thrown if you pass an invalid configuration option to a Connection
2025-08-20 03:19:28: Ignoring invalid configuration option passed to Connection: timeout. This is currently a warning, but in future versions of MySQL2, an error will be thrown if you pass an invalid configuration option to a Connection
2025-08-20 03:19:28: Ignoring invalid configuration option passed to Connection: reconnect. This is currently a warning, but in future versions of MySQL2, an error will be thrown if you pass an invalid configuration option to a Connection
2025-08-20 03:19:29: 🚀 服务器启动成功！
2025-08-20 03:19:29: 📍 端口: 3000
2025-08-20 03:19:29: 🌍 环境: production
2025-08-20 03:19:29: 📖 API文档: http://localhost:3000/api
2025-08-20 03:19:29: 💊 健康检查: http://localhost:3000/health
2025-08-20 03:19:30: [dotenv@17.2.1] injecting env (13) from .env -- tip: 🛠️  run anywhere with `dotenvx run -- yourcommand`
2025-08-20 03:19:30: [dotenv@17.2.1] injecting env (0) from .env -- tip: ⚙️  suppress all logs with { quiet: true }
2025-08-20 03:19:30: [dotenv@17.2.1] injecting env (0) from .env -- tip: ⚙️  override existing env vars with { override: true }
2025-08-20 03:19:30: Ignoring invalid configuration option passed to Connection: acquireTimeout. This is currently a warning, but in future versions of MySQL2, an error will be thrown if you pass an invalid configuration option to a Connection
2025-08-20 03:19:30: Ignoring invalid configuration option passed to Connection: timeout. This is currently a warning, but in future versions of MySQL2, an error will be thrown if you pass an invalid configuration option to a Connection
2025-08-20 03:19:30: Ignoring invalid configuration option passed to Connection: reconnect. This is currently a warning, but in future versions of MySQL2, an error will be thrown if you pass an invalid configuration option to a Connection
2025-08-20 03:19:32: [dotenv@17.2.1] injecting env (13) from .env -- tip: ⚙️  write to custom object with { processEnv: myObject }
2025-08-20 03:19:32: [dotenv@17.2.1] injecting env (0) from .env -- tip: 🔐 encrypt with Dotenvx: https://dotenvx.com
2025-08-20 03:19:32: [dotenv@17.2.1] injecting env (0) from .env -- tip: 🔐 encrypt with Dotenvx: https://dotenvx.com
2025-08-20 03:19:32: Ignoring invalid configuration option passed to Connection: acquireTimeout. This is currently a warning, but in future versions of MySQL2, an error will be thrown if you pass an invalid configuration option to a Connection
2025-08-20 03:19:32: Ignoring invalid configuration option passed to Connection: timeout. This is currently a warning, but in future versions of MySQL2, an error will be thrown if you pass an invalid configuration option to a Connection
2025-08-20 03:19:32: Ignoring invalid configuration option passed to Connection: reconnect. This is currently a warning, but in future versions of MySQL2, an error will be thrown if you pass an invalid configuration option to a Connection
2025-08-20 03:19:32: 🚀 服务器启动成功！
2025-08-20 03:19:32: 📍 端口: 3000
2025-08-20 03:19:32: 🌍 环境: production
2025-08-20 03:19:32: 📖 API文档: http://localhost:3000/api
2025-08-20 03:19:32: 💊 健康检查: http://localhost:3000/health
2025-08-20 03:19:33: [dotenv@17.2.1] injecting env (13) from .env -- tip: ⚙️  specify custom .env file path with { path: '/custom/path/.env' }
2025-08-20 03:19:33: [dotenv@17.2.1] injecting env (0) from .env -- tip: 🛠️  run anywhere with `dotenvx run -- yourcommand`
2025-08-20 03:19:33: [dotenv@17.2.1] injecting env (0) from .env -- tip: 🛠️  run anywhere with `dotenvx run -- yourcommand`
2025-08-20 03:19:33: Ignoring invalid configuration option passed to Connection: acquireTimeout. This is currently a warning, but in future versions of MySQL2, an error will be thrown if you pass an invalid configuration option to a Connection
2025-08-20 03:19:33: Ignoring invalid configuration option passed to Connection: timeout. This is currently a warning, but in future versions of MySQL2, an error will be thrown if you pass an invalid configuration option to a Connection
2025-08-20 03:19:33: Ignoring invalid configuration option passed to Connection: reconnect. This is currently a warning, but in future versions of MySQL2, an error will be thrown if you pass an invalid configuration option to a Connection
2025-08-20 03:19:33: 🚀 服务器启动成功！
2025-08-20 03:19:33: 📍 端口: 3000
2025-08-20 03:19:33: 🌍 环境: production
2025-08-20 03:19:33: 📖 API文档: http://localhost:3000/api
2025-08-20 03:19:33: 💊 健康检查: http://localhost:3000/health
2025-08-20 03:19:35: [dotenv@17.2.1] injecting env (13) from .env -- tip: 🔐 prevent building .env in docker: https://dotenvx.com/prebuild
2025-08-20 03:19:35: [dotenv@17.2.1] injecting env (0) from .env -- tip: 📡 version env with Radar: https://dotenvx.com/radar
2025-08-20 03:19:35: [dotenv@17.2.1] injecting env (0) from .env -- tip: 🛠️  run anywhere with `dotenvx run -- yourcommand`
2025-08-20 03:19:35: Ignoring invalid configuration option passed to Connection: acquireTimeout. This is currently a warning, but in future versions of MySQL2, an error will be thrown if you pass an invalid configuration option to a Connection
2025-08-20 03:19:35: Ignoring invalid configuration option passed to Connection: timeout. This is currently a warning, but in future versions of MySQL2, an error will be thrown if you pass an invalid configuration option to a Connection
2025-08-20 03:19:35: Ignoring invalid configuration option passed to Connection: reconnect. This is currently a warning, but in future versions of MySQL2, an error will be thrown if you pass an invalid configuration option to a Connection
2025-08-20 03:19:35: 🚀 服务器启动成功！
2025-08-20 03:19:35: 📍 端口: 3000
2025-08-20 03:19:35: 🌍 环境: production
2025-08-20 03:19:35: 📖 API文档: http://localhost:3000/api
2025-08-20 03:19:35: 💊 健康检查: http://localhost:3000/health
2025-08-20 03:19:36: [dotenv@17.2.1] injecting env (13) from .env -- tip: ⚙️  specify custom .env file path with { path: '/custom/path/.env' }
2025-08-20 03:19:36: [dotenv@17.2.1] injecting env (0) from .env -- tip: 🔐 encrypt with Dotenvx: https://dotenvx.com
2025-08-20 03:19:36: [dotenv@17.2.1] injecting env (0) from .env -- tip: 🔐 prevent building .env in docker: https://dotenvx.com/prebuild
2025-08-20 03:19:36: Ignoring invalid configuration option passed to Connection: acquireTimeout. This is currently a warning, but in future versions of MySQL2, an error will be thrown if you pass an invalid configuration option to a Connection
2025-08-20 03:19:36: Ignoring invalid configuration option passed to Connection: timeout. This is currently a warning, but in future versions of MySQL2, an error will be thrown if you pass an invalid configuration option to a Connection
2025-08-20 03:19:36: Ignoring invalid configuration option passed to Connection: reconnect. This is currently a warning, but in future versions of MySQL2, an error will be thrown if you pass an invalid configuration option to a Connection
2025-08-20 03:19:36: 🚀 服务器启动成功！
2025-08-20 03:19:36: 📍 端口: 3000
2025-08-20 03:19:36: 🌍 环境: production
2025-08-20 03:19:36: 📖 API文档: http://localhost:3000/api
2025-08-20 03:19:36: 💊 健康检查: http://localhost:3000/health
2025-08-20 03:19:38: [dotenv@17.2.1] injecting env (13) from .env -- tip: 🔐 prevent committing .env to code: https://dotenvx.com/precommit
2025-08-20 03:19:38: [dotenv@17.2.1] injecting env (0) from .env -- tip: ⚙️  enable debug logging with { debug: true }
2025-08-20 03:19:38: [dotenv@17.2.1] injecting env (0) from .env -- tip: 🔐 encrypt with Dotenvx: https://dotenvx.com
2025-08-20 03:19:38: Ignoring invalid configuration option passed to Connection: acquireTimeout. This is currently a warning, but in future versions of MySQL2, an error will be thrown if you pass an invalid configuration option to a Connection
2025-08-20 03:19:38: Ignoring invalid configuration option passed to Connection: timeout. This is currently a warning, but in future versions of MySQL2, an error will be thrown if you pass an invalid configuration option to a Connection
2025-08-20 03:19:38: Ignoring invalid configuration option passed to Connection: reconnect. This is currently a warning, but in future versions of MySQL2, an error will be thrown if you pass an invalid configuration option to a Connection
2025-08-20 03:19:38: 🚀 服务器启动成功！
2025-08-20 03:19:38: 📍 端口: 3000
2025-08-20 03:19:38: 🌍 环境: production
2025-08-20 03:19:38: 📖 API文档: http://localhost:3000/api
2025-08-20 03:19:38: 💊 健康检查: http://localhost:3000/health
2025-08-20 03:19:39: [dotenv@17.2.1] injecting env (13) from .env -- tip: 📡 auto-backup env with Radar: https://dotenvx.com/radar
2025-08-20 03:19:39: [dotenv@17.2.1] injecting env (0) from .env -- tip: 🛠️  run anywhere with `dotenvx run -- yourcommand`
2025-08-20 03:19:39: [dotenv@17.2.1] injecting env (0) from .env -- tip: ⚙️  load multiple .env files with { path: ['.env.local', '.env'] }
2025-08-20 03:19:39: Ignoring invalid configuration option passed to Connection: acquireTimeout. This is currently a warning, but in future versions of MySQL2, an error will be thrown if you pass an invalid configuration option to a Connection
2025-08-20 03:19:39: Ignoring invalid configuration option passed to Connection: timeout. This is currently a warning, but in future versions of MySQL2, an error will be thrown if you pass an invalid configuration option to a Connection
2025-08-20 03:19:39: Ignoring invalid configuration option passed to Connection: reconnect. This is currently a warning, but in future versions of MySQL2, an error will be thrown if you pass an invalid configuration option to a Connection
2025-08-20 03:19:40: 🚀 服务器启动成功！
2025-08-20 03:19:40: 📍 端口: 3000
2025-08-20 03:19:40: 🌍 环境: production
2025-08-20 03:19:40: 📖 API文档: http://localhost:3000/api
2025-08-20 03:19:40: 💊 健康检查: http://localhost:3000/health
2025-08-20 03:19:41: [dotenv@17.2.1] injecting env (13) from .env -- tip: ⚙️  specify custom .env file path with { path: '/custom/path/.env' }
2025-08-20 03:19:41: [dotenv@17.2.1] injecting env (0) from .env -- tip: ⚙️  override existing env vars with { override: true }
2025-08-20 03:19:41: [dotenv@17.2.1] injecting env (0) from .env -- tip: 🛠️  run anywhere with `dotenvx run -- yourcommand`
2025-08-20 03:19:41: Ignoring invalid configuration option passed to Connection: acquireTimeout. This is currently a warning, but in future versions of MySQL2, an error will be thrown if you pass an invalid configuration option to a Connection
2025-08-20 03:19:41: Ignoring invalid configuration option passed to Connection: timeout. This is currently a warning, but in future versions of MySQL2, an error will be thrown if you pass an invalid configuration option to a Connection
2025-08-20 03:19:41: Ignoring invalid configuration option passed to Connection: reconnect. This is currently a warning, but in future versions of MySQL2, an error will be thrown if you pass an invalid configuration option to a Connection
2025-08-20 03:19:41: 🚀 服务器启动成功！
2025-08-20 03:19:41: 📍 端口: 3000
2025-08-20 03:19:41: 🌍 环境: production
2025-08-20 03:19:41: 📖 API文档: http://localhost:3000/api
2025-08-20 03:19:41: 💊 健康检查: http://localhost:3000/health
2025-08-20 03:28:57: [dotenv@17.2.1] injecting env (13) from .env -- tip: 🔐 encrypt with Dotenvx: https://dotenvx.com
2025-08-20 03:28:57: [dotenv@17.2.1] injecting env (0) from .env -- tip: ⚙️  override existing env vars with { override: true }
2025-08-20 03:28:57: [dotenv@17.2.1] injecting env (0) from .env -- tip: ⚙️  enable debug logging with { debug: true }
2025-08-20 03:28:57: Ignoring invalid configuration option passed to Connection: acquireTimeout. This is currently a warning, but in future versions of MySQL2, an error will be thrown if you pass an invalid configuration option to a Connection
2025-08-20 03:28:57: Ignoring invalid configuration option passed to Connection: timeout. This is currently a warning, but in future versions of MySQL2, an error will be thrown if you pass an invalid configuration option to a Connection
2025-08-20 03:28:57: Ignoring invalid configuration option passed to Connection: reconnect. This is currently a warning, but in future versions of MySQL2, an error will be thrown if you pass an invalid configuration option to a Connection
2025-08-20 03:28:57: 🚀 服务器启动成功！
2025-08-20 03:28:57: 📍 端口: 3000
2025-08-20 03:28:57: 🌍 环境: production
2025-08-20 03:28:57: 📖 API文档: http://localhost:3000/api
2025-08-20 03:28:57: 💊 健康检查: http://localhost:3000/health
2025-08-20 03:28:57: ✅ 数据库连接成功
2025-08-20 03:29:06: ::ffff:127.0.0.1 - - [19/Aug/2025:19:29:06 +0000] "GET /health HTTP/1.1" 200 102 "-" "curl/7.68.0"
2025-08-20 03:29:28: ::ffff:127.0.0.1 - - [19/Aug/2025:19:29:28 +0000] "GET /health HTTP/1.0" 200 103 "-" "curl/7.68.0"
2025-08-20 03:32:39: ::ffff:127.0.0.1 - - [19/Aug/2025:19:32:39 +0000] "GET /api/ HTTP/1.1" 200 218 "-" "curl/7.68.0"
2025-08-20 03:32:39: ::ffff:127.0.0.1 - - [19/Aug/2025:19:32:39 +0000] "GET /health HTTP/1.1" 200 102 "-" "curl/7.68.0"
2025-08-20 03:34:15: ::ffff:127.0.0.1 - - [19/Aug/2025:19:34:15 +0000] "GET /api/health HTTP/1.1" 404 62 "-" "curl/7.68.0"
2025-08-20 03:34:16: ::ffff:127.0.0.1 - - [19/Aug/2025:19:34:16 +0000] "POST /api/auth/wxlogin HTTP/1.1" 400 96 "-" "curl/7.68.0"
2025-08-20 03:34:16: ::ffff:127.0.0.1 - - [19/Aug/2025:19:34:16 +0000] "POST /api/study/submit HTTP/1.1" 401 62 "-" "curl/7.68.0"
2025-08-20 03:44:57: 📴 收到SIGINT信号，正在关闭服务器...
2025-08-20 03:44:58: [dotenv@17.2.1] injecting env (13) from .env -- tip: ⚙️  write to custom object with { processEnv: myObject }
2025-08-20 03:44:58: [dotenv@17.2.1] injecting env (0) from .env -- tip: 🛠️  run anywhere with `dotenvx run -- yourcommand`
2025-08-20 03:44:58: [dotenv@17.2.1] injecting env (0) from .env -- tip: ⚙️  suppress all logs with { quiet: true }
2025-08-20 03:44:58: Ignoring invalid configuration option passed to Connection: acquireTimeout. This is currently a warning, but in future versions of MySQL2, an error will be thrown if you pass an invalid configuration option to a Connection
2025-08-20 03:44:58: Ignoring invalid configuration option passed to Connection: timeout. This is currently a warning, but in future versions of MySQL2, an error will be thrown if you pass an invalid configuration option to a Connection
2025-08-20 03:44:58: Ignoring invalid configuration option passed to Connection: reconnect. This is currently a warning, but in future versions of MySQL2, an error will be thrown if you pass an invalid configuration option to a Connection
2025-08-20 03:44:58: 🚀 服务器启动成功！
2025-08-20 03:44:58: 📍 端口: 3000
2025-08-20 03:44:58: 🌍 环境: production
2025-08-20 03:44:58: 📖 API文档: http://localhost:3000/api
2025-08-20 03:44:58: 💊 健康检查: http://localhost:3000/health
2025-08-20 03:44:58: ✅ 数据库连接成功
2025-08-20 03:50:01: ::ffff:127.0.0.1 - - [19/Aug/2025:19:50:01 +0000] "GET /health HTTP/1.0" 200 104 "-" "curl/7.68.0"
2025-08-20 03:50:09: ::ffff:127.0.0.1 - - [19/Aug/2025:19:50:09 +0000] "GET /api/ HTTP/1.1" 200 218 "-" "curl/7.68.0"
2025-08-20 04:01:38: ::ffff:127.0.0.1 - - [19/Aug/2025:20:01:38 +0000] "GET /health HTTP/1.0" 200 105 "-" "curl/7.68.0"
2025-08-20 04:06:05: ::ffff:127.0.0.1 - - [19/Aug/2025:20:06:05 +0000] "GET /health HTTP/1.0" 200 105 "-" "Mozilla/5.0 (Windows NT; Windows NT 10.0; zh-CN) WindowsPowerShell/5.1.22621.2428"
2025-08-20 04:11:57: ::ffff:127.0.0.1 - - [19/Aug/2025:20:11:57 +0000] "GET /health HTTP/1.0" 200 105 "-" "Mozilla/5.0 (Windows NT; Windows NT 10.0; zh-CN) WindowsPowerShell/5.1.22621.2428"
2025-08-20 04:14:15: ::ffff:127.0.0.1 - - [19/Aug/2025:20:14:15 +0000] "GET /api/study/today HTTP/1.1" 404 67 "-" "Mozilla/5.0 (Linux; Android 15; BVL-AN00 Build/HONORBVL-AN00; wv) AppleWebKit/537.36 (KHTML, like Gecko) Version/4.0 Chrome/138.0.7204.180 Mobile Safari/537.36 XWEB/1380123 MMWEBSDK/20250503 MMWEBID/1348 MicroMessenger/8.0.61.2880(0x28003D59) WeChat/arm64 Weixin NetType/5G Language/zh_CN ABI/arm64 MiniProgramEnv/android"
2025-08-20 04:14:15: ::ffff:127.0.0.1 - - [19/Aug/2025:20:14:15 +0000] "GET /api/exam/latest HTTP/1.1" 404 67 "-" "Mozilla/5.0 (Linux; Android 15; BVL-AN00 Build/HONORBVL-AN00; wv) AppleWebKit/537.36 (KHTML, like Gecko) Version/4.0 Chrome/138.0.7204.180 Mobile Safari/537.36 XWEB/1380123 MMWEBSDK/20250503 MMWEBID/1348 MicroMessenger/8.0.61.2880(0x28003D59) WeChat/arm64 Weixin NetType/5G Language/zh_CN ABI/arm64 MiniProgramEnv/android"
2025-08-20 04:14:15: ::ffff:127.0.0.1 - - [19/Aug/2025:20:14:15 +0000] "GET /api/notifications HTTP/1.1" 404 69 "-" "Mozilla/5.0 (Linux; Android 15; BVL-AN00 Build/HONORBVL-AN00; wv) AppleWebKit/537.36 (KHTML, like Gecko) Version/4.0 Chrome/138.0.7204.180 Mobile Safari/537.36 XWEB/1380123 MMWEBSDK/20250503 MMWEBID/1348 MicroMessenger/8.0.61.2880(0x28003D59) WeChat/arm64 Weixin NetType/5G Language/zh_CN ABI/arm64 MiniProgramEnv/android"
2025-08-20 04:14:18: ::ffff:127.0.0.1 - - [19/Aug/2025:20:14:18 +0000] "GET /api/study/detail?date=2025-08-20 HTTP/1.1" 404 84 "-" "Mozilla/5.0 (Linux; Android 15; BVL-AN00 Build/HONORBVL-AN00; wv) AppleWebKit/537.36 (KHTML, like Gecko) Version/4.0 Chrome/138.0.7204.180 Mobile Safari/537.36 XWEB/1380123 MMWEBSDK/20250503 MMWEBID/1348 MicroMessenger/8.0.61.2880(0x28003D59) WeChat/arm64 Weixin NetType/5G Language/zh_CN ABI/arm64 MiniProgramEnv/android"
2025-08-20 04:14:25: ::ffff:127.0.0.1 - - [19/Aug/2025:20:14:25 +0000] "GET /api/study/today HTTP/1.1" 404 67 "-" "Mozilla/5.0 (Linux; Android 15; BVL-AN00 Build/HONORBVL-AN00; wv) AppleWebKit/537.36 (KHTML, like Gecko) Version/4.0 Chrome/138.0.7204.180 Mobile Safari/537.36 XWEB/1380123 MMWEBSDK/20250503 MMWEBID/1348 MicroMessenger/8.0.61.2880(0x28003D59) WeChat/arm64 Weixin NetType/5G Language/zh_CN ABI/arm64 MiniProgramEnv/android"
2025-08-20 04:14:25: ::ffff:127.0.0.1 - - [19/Aug/2025:20:14:25 +0000] "GET /api/notifications HTTP/1.1" 404 69 "-" "Mozilla/5.0 (Linux; Android 15; BVL-AN00 Build/HONORBVL-AN00; wv) AppleWebKit/537.36 (KHTML, like Gecko) Version/4.0 Chrome/138.0.7204.180 Mobile Safari/537.36 XWEB/1380123 MMWEBSDK/20250503 MMWEBID/1348 MicroMessenger/8.0.61.2880(0x28003D59) WeChat/arm64 Weixin NetType/5G Language/zh_CN ABI/arm64 MiniProgramEnv/android"
2025-08-20 04:14:39: ::ffff:127.0.0.1 - - [19/Aug/2025:20:14:39 +0000] "GET /api/exam/list HTTP/1.1" 404 65 "-" "Mozilla/5.0 (Linux; Android 15; BVL-AN00 Build/HONORBVL-AN00; wv) AppleWebKit/537.36 (KHTML, like Gecko) Version/4.0 Chrome/138.0.7204.180 Mobile Safari/537.36 XWEB/1380123 MMWEBSDK/20250503 MMWEBID/1348 MicroMessenger/8.0.61.2880(0x28003D59) WeChat/arm64 Weixin NetType/5G Language/zh_CN ABI/arm64 MiniProgramEnv/android"
2025-08-20 04:14:41: ::ffff:127.0.0.1 - - [19/Aug/2025:20:14:41 +0000] "GET /api/study/today HTTP/1.1" 404 67 "-" "Mozilla/5.0 (Linux; Android 15; BVL-AN00 Build/HONORBVL-AN00; wv) AppleWebKit/537.36 (KHTML, like Gecko) Version/4.0 Chrome/138.0.7204.180 Mobile Safari/537.36 XWEB/1380123 MMWEBSDK/20250503 MMWEBID/1348 MicroMessenger/8.0.61.2880(0x28003D59) WeChat/arm64 Weixin NetType/5G Language/zh_CN ABI/arm64 MiniProgramEnv/android"
2025-08-20 04:14:41: ::ffff:127.0.0.1 - - [19/Aug/2025:20:14:41 +0000] "GET /api/analysis/recent HTTP/1.1" 404 71 "-" "Mozilla/5.0 (Linux; Android 15; BVL-AN00 Build/HONORBVL-AN00; wv) AppleWebKit/537.36 (KHTML, like Gecko) Version/4.0 Chrome/138.0.7204.180 Mobile Safari/537.36 XWEB/1380123 MMWEBSDK/20250503 MMWEBID/1348 MicroMessenger/8.0.61.2880(0x28003D59) WeChat/arm64 Weixin NetType/5G Language/zh_CN ABI/arm64 MiniProgramEnv/android"
2025-08-20 04:14:42: ::ffff:127.0.0.1 - - [19/Aug/2025:20:14:42 +0000] "GET /api/study/history?month=2025-08 HTTP/1.1" 401 44 "-" "Mozilla/5.0 (Linux; Android 15; BVL-AN00 Build/HONORBVL-AN00; wv) AppleWebKit/537.36 (KHTML, like Gecko) Version/4.0 Chrome/138.0.7204.180 Mobile Safari/537.36 XWEB/1380123 MMWEBSDK/20250503 MMWEBID/1348 MicroMessenger/8.0.61.2880(0x28003D59) WeChat/arm64 Weixin NetType/5G Language/zh_CN ABI/arm64 MiniProgramEnv/android"
2025-08-20 04:14:46: ::ffff:127.0.0.1 - - [19/Aug/2025:20:14:46 +0000] "POST /api/auth/wxlogin HTTP/1.1" 200 112 "-" "Mozilla/5.0 (Linux; Android 15; BVL-AN00 Build/HONORBVL-AN00; wv) AppleWebKit/537.36 (KHTML, like Gecko) Version/4.0 Chrome/138.0.7204.180 Mobile Safari/537.36 XWEB/1380123 MMWEBSDK/20250503 MMWEBID/1348 MicroMessenger/8.0.61.2880(0x28003D59) WeChat/arm64 Weixin NetType/5G Language/zh_CN ABI/arm64 MiniProgramEnv/android"
2025-08-20 04:15:11: ::ffff:127.0.0.1 - - [19/Aug/2025:20:15:11 +0000] "GET /api/study/today HTTP/1.1" 404 67 "-" "Mozilla/5.0 (Linux; Android 15; BVL-AN00 Build/HONORBVL-AN00; wv) AppleWebKit/537.36 (KHTML, like Gecko) Version/4.0 Chrome/138.0.7204.180 Mobile Safari/537.36 XWEB/1380123 MMWEBSDK/20250503 MMWEBID/1348 MicroMessenger/8.0.61.2880(0x28003D59) WeChat/arm64 Weixin NetType/5G Language/zh_CN ABI/arm64 MiniProgramEnv/android"
2025-08-20 04:15:11: ::ffff:127.0.0.1 - - [19/Aug/2025:20:15:11 +0000] "GET /api/notifications HTTP/1.1" 404 69 "-" "Mozilla/5.0 (Linux; Android 15; BVL-AN00 Build/HONORBVL-AN00; wv) AppleWebKit/537.36 (KHTML, like Gecko) Version/4.0 Chrome/138.0.7204.180 Mobile Safari/537.36 XWEB/1380123 MMWEBSDK/20250503 MMWEBID/1348 MicroMessenger/8.0.61.2880(0x28003D59) WeChat/arm64 Weixin NetType/5G Language/zh_CN ABI/arm64 MiniProgramEnv/android"
2025-08-20 04:15:11: ::ffff:127.0.0.1 - - [19/Aug/2025:20:15:11 +0000] "GET /api/study/week HTTP/1.1" 404 66 "-" "Mozilla/5.0 (Linux; Android 15; BVL-AN00 Build/HONORBVL-AN00; wv) AppleWebKit/537.36 (KHTML, like Gecko) Version/4.0 Chrome/138.0.7204.180 Mobile Safari/537.36 XWEB/1380123 MMWEBSDK/20250503 MMWEBID/1348 MicroMessenger/8.0.61.2880(0x28003D59) WeChat/arm64 Weixin NetType/5G Language/zh_CN ABI/arm64 MiniProgramEnv/android"
2025-08-20 04:16:34: ::ffff:127.0.0.1 - - [19/Aug/2025:20:16:34 +0000] "GET /api/study/today HTTP/1.1" 404 67 "-" "curl/7.68.0"
2025-08-20 04:23:10: ::ffff:127.0.0.1 - - [19/Aug/2025:20:23:10 +0000] "GET /api/user/profile HTTP/1.1" 404 68 "-" "Mozilla/5.0 (Linux; Android 15; BVL-AN00 Build/HONORBVL-AN00; wv) AppleWebKit/537.36 (KHTML, like Gecko) Version/4.0 Chrome/138.0.7204.180 Mobile Safari/537.36 XWEB/1380123 MMWEBSDK/20250503 MMWEBID/1348 MicroMessenger/8.0.61.2880(0x28003D59) WeChat/arm64 Weixin NetType/5G Language/zh_CN ABI/arm64 MiniProgramEnv/android"
2025-08-20 04:23:10: ::ffff:127.0.0.1 - - [19/Aug/2025:20:23:10 +0000] "GET /api/study/history?startDate=2025-08-19&endDate=2025-08-19&limit=1 HTTP/1.1" 401 44 "-" "Mozilla/5.0 (Linux; Android 15; BVL-AN00 Build/HONORBVL-AN00; wv) AppleWebKit/537.36 (KHTML, like Gecko) Version/4.0 Chrome/138.0.7204.180 Mobile Safari/537.36 XWEB/1380123 MMWEBSDK/20250503 MMWEBID/1348 MicroMessenger/8.0.61.2880(0x28003D59) WeChat/arm64 Weixin NetType/5G Language/zh_CN ABI/arm64 MiniProgramEnv/android"
2025-08-20 04:23:17: ::ffff:127.0.0.1 - - [19/Aug/2025:20:23:17 +0000] "GET /api/study/history?startDate=2025-08-19&endDate=2025-08-19&limit=1 HTTP/1.1" 401 62 "-" "Mozilla/5.0 (Linux; Android 15; BVL-AN00 Build/HONORBVL-AN00; wv) AppleWebKit/537.36 (KHTML, like Gecko) Version/4.0 Chrome/138.0.7204.180 Mobile Safari/537.36 XWEB/1380123 MMWEBSDK/20250503 MMWEBID/1348 MicroMessenger/8.0.61.2880(0x28003D59) WeChat/arm64 Weixin NetType/5G Language/zh_CN ABI/arm64 MiniProgramEnv/android"
2025-08-20 04:23:25: ::ffff:127.0.0.1 - - [19/Aug/2025:20:23:25 +0000] "POST /api/auth/wxlogin HTTP/1.1" 200 112 "-" "Mozilla/5.0 (Linux; Android 15; BVL-AN00 Build/HONORBVL-AN00; wv) AppleWebKit/537.36 (KHTML, like Gecko) Version/4.0 Chrome/138.0.7204.180 Mobile Safari/537.36 XWEB/1380123 MMWEBSDK/20250503 MMWEBID/1348 MicroMessenger/8.0.61.2880(0x28003D59) WeChat/arm64 Weixin NetType/5G Language/zh_CN ABI/arm64 MiniProgramEnv/android"
2025-08-20 04:23:26: ::ffff:127.0.0.1 - - [19/Aug/2025:20:23:26 +0000] "GET /api/study/history?startDate=2025-08-19&endDate=2025-08-19&limit=1 HTTP/1.1" 401 62 "-" "Mozilla/5.0 (Linux; Android 15; BVL-AN00 Build/HONORBVL-AN00; wv) AppleWebKit/537.36 (KHTML, like Gecko) Version/4.0 Chrome/138.0.7204.180 Mobile Safari/537.36 XWEB/1380123 MMWEBSDK/20250503 MMWEBID/1348 MicroMessenger/8.0.61.2880(0x28003D59) WeChat/arm64 Weixin NetType/5G Language/zh_CN ABI/arm64 MiniProgramEnv/android"
2025-08-20 04:23:31: ::ffff:127.0.0.1 - - [19/Aug/2025:20:23:31 +0000] "GET /api/study/history?startDate=2025-08-16&endDate=2025-08-22&limit=50 HTTP/1.1" 401 62 "-" "Mozilla/5.0 (Linux; Android 15; BVL-AN00 Build/HONORBVL-AN00; wv) AppleWebKit/537.36 (KHTML, like Gecko) Version/4.0 Chrome/138.0.7204.180 Mobile Safari/537.36 XWEB/1380123 MMWEBSDK/20250503 MMWEBID/1348 MicroMessenger/8.0.61.2880(0x28003D59) WeChat/arm64 Weixin NetType/5G Language/zh_CN ABI/arm64 MiniProgramEnv/android"
2025-08-20 04:23:34: ::ffff:127.0.0.1 - - [19/Aug/2025:20:23:34 +0000] "POST /api/auth/wxlogin HTTP/1.1" 200 112 "-" "Mozilla/5.0 (Linux; Android 15; BVL-AN00 Build/HONORBVL-AN00; wv) AppleWebKit/537.36 (KHTML, like Gecko) Version/4.0 Chrome/138.0.7204.180 Mobile Safari/537.36 XWEB/1380123 MMWEBSDK/20250503 MMWEBID/1348 MicroMessenger/8.0.61.2880(0x28003D59) WeChat/arm64 Weixin NetType/5G Language/zh_CN ABI/arm64 MiniProgramEnv/android"
2025-08-20 04:23:35: ::ffff:127.0.0.1 - - [19/Aug/2025:20:23:35 +0000] "GET /api/study/history?startDate=2025-08-16&endDate=2025-08-22&limit=50 HTTP/1.1" 401 62 "-" "Mozilla/5.0 (Linux; Android 15; BVL-AN00 Build/HONORBVL-AN00; wv) AppleWebKit/537.36 (KHTML, like Gecko) Version/4.0 Chrome/138.0.7204.180 Mobile Safari/537.36 XWEB/1380123 MMWEBSDK/20250503 MMWEBID/1348 MicroMessenger/8.0.61.2880(0x28003D59) WeChat/arm64 Weixin NetType/5G Language/zh_CN ABI/arm64 MiniProgramEnv/android"
2025-08-20 04:23:55: ::ffff:127.0.0.1 - - [19/Aug/2025:20:23:55 +0000] "POST /api/auth/wxlogin HTTP/1.1" 200 112 "-" "Mozilla/5.0 (Linux; Android 15; BVL-AN00 Build/HONORBVL-AN00; wv) AppleWebKit/537.36 (KHTML, like Gecko) Version/4.0 Chrome/138.0.7204.180 Mobile Safari/537.36 XWEB/1380123 MMWEBSDK/20250503 MMWEBID/1348 MicroMessenger/8.0.61.2880(0x28003D59) WeChat/arm64 Weixin NetType/5G Language/zh_CN ABI/arm64 MiniProgramEnv/android"
2025-08-20 04:23:56: ::ffff:127.0.0.1 - - [19/Aug/2025:20:23:56 +0000] "GET /api/study/history?startDate=2025-08-19&endDate=2025-08-19&limit=1 HTTP/1.1" 401 62 "-" "Mozilla/5.0 (Linux; Android 15; BVL-AN00 Build/HONORBVL-AN00; wv) AppleWebKit/537.36 (KHTML, like Gecko) Version/4.0 Chrome/138.0.7204.180 Mobile Safari/537.36 XWEB/1380123 MMWEBSDK/20250503 MMWEBID/1348 MicroMessenger/8.0.61.2880(0x28003D59) WeChat/arm64 Weixin NetType/5G Language/zh_CN ABI/arm64 MiniProgramEnv/android"
2025-08-20 04:28:47: ::ffff:127.0.0.1 - - [19/Aug/2025:20:28:47 +0000] "POST /api/auth/wxlogin HTTP/1.1" 200 112 "-" "Mozilla/5.0 (Linux; Android 15; BVL-AN00 Build/HONORBVL-AN00; wv) AppleWebKit/537.36 (KHTML, like Gecko) Version/4.0 Chrome/138.0.7204.180 Mobile Safari/537.36 XWEB/1380123 MMWEBSDK/20250503 MMWEBID/1348 MicroMessenger/8.0.61.2880(0x28003D59) WeChat/arm64 Weixin NetType/5G Language/zh_CN ABI/arm64 MiniProgramEnv/android"
2025-08-20 04:28:49: ::ffff:127.0.0.1 - - [19/Aug/2025:20:28:49 +0000] "GET /api/study/history?startDate=2025-08-16&endDate=2025-08-22&limit=50 HTTP/1.1" 401 62 "-" "Mozilla/5.0 (Linux; Android 15; BVL-AN00 Build/HONORBVL-AN00; wv) AppleWebKit/537.36 (KHTML, like Gecko) Version/4.0 Chrome/138.0.7204.180 Mobile Safari/537.36 XWEB/1380123 MMWEBSDK/20250503 MMWEBID/1348 MicroMessenger/8.0.61.2880(0x28003D59) WeChat/arm64 Weixin NetType/5G Language/zh_CN ABI/arm64 MiniProgramEnv/android"
2025-08-20 04:29:04: ::ffff:127.0.0.1 - - [19/Aug/2025:20:29:04 +0000] "POST /api/auth/wxlogin HTTP/1.1" 429 83 "-" "Mozilla/5.0 (Linux; Android 15; BVL-AN00 Build/HONORBVL-AN00; wv) AppleWebKit/537.36 (KHTML, like Gecko) Version/4.0 Chrome/138.0.7204.180 Mobile Safari/537.36 XWEB/1380123 MMWEBSDK/20250503 MMWEBID/1348 MicroMessenger/8.0.61.2880(0x28003D59) WeChat/arm64 Weixin NetType/5G Language/zh_CN ABI/arm64 MiniProgramEnv/android"
2025-08-20 04:33:30: ::ffff:127.0.0.1 - - [19/Aug/2025:20:33:30 +0000] "POST /api/auth/wxlogin HTTP/1.1" 429 83 "-" "Mozilla/5.0 (Linux; Android 15; BVL-AN00 Build/HONORBVL-AN00; wv) AppleWebKit/537.36 (KHTML, like Gecko) Version/4.0 Chrome/138.0.7204.180 Mobile Safari/537.36 XWEB/1380123 MMWEBSDK/20250503 MMWEBID/1348 MicroMessenger/8.0.61.2880(0x28003D59) WeChat/arm64 Weixin NetType/5G Language/zh_CN ABI/arm64 MiniProgramEnv/android"
2025-08-20 04:33:35: ::ffff:127.0.0.1 - - [19/Aug/2025:20:33:35 +0000] "GET /api/study/history?startDate=2025-08-19&endDate=2025-08-19&limit=1 HTTP/1.1" 401 44 "-" "Mozilla/5.0 (Linux; Android 15; BVL-AN00 Build/HONORBVL-AN00; wv) AppleWebKit/537.36 (KHTML, like Gecko) Version/4.0 Chrome/138.0.7204.180 Mobile Safari/537.36 XWEB/1380123 MMWEBSDK/20250503 MMWEBID/1348 MicroMessenger/8.0.61.2880(0x28003D59) WeChat/arm64 Weixin NetType/5G Language/zh_CN ABI/arm64 MiniProgramEnv/android"
2025-08-20 04:33:35: ::ffff:127.0.0.1 - - [19/Aug/2025:20:33:35 +0000] "GET /api/study/history?startDate=2025-08-16&endDate=2025-08-22&limit=50 HTTP/1.1" 401 44 "-" "Mozilla/5.0 (Linux; Android 15; BVL-AN00 Build/HONORBVL-AN00; wv) AppleWebKit/537.36 (KHTML, like Gecko) Version/4.0 Chrome/138.0.7204.180 Mobile Safari/537.36 XWEB/1380123 MMWEBSDK/20250503 MMWEBID/1348 MicroMessenger/8.0.61.2880(0x28003D59) WeChat/arm64 Weixin NetType/5G Language/zh_CN ABI/arm64 MiniProgramEnv/android"
2025-08-20 04:34:20: 📴 收到SIGINT信号，正在关闭服务器...
2025-08-20 04:34:20: [dotenv@17.2.1] injecting env (13) from .env -- tip: ⚙️  suppress all logs with { quiet: true }
2025-08-20 04:34:20: [dotenv@17.2.1] injecting env (0) from .env -- tip: 🔐 encrypt with Dotenvx: https://dotenvx.com
2025-08-20 04:34:20: [dotenv@17.2.1] injecting env (0) from .env -- tip: ⚙️  load multiple .env files with { path: ['.env.local', '.env'] }
2025-08-20 04:34:20: Ignoring invalid configuration option passed to Connection: acquireTimeout. This is currently a warning, but in future versions of MySQL2, an error will be thrown if you pass an invalid configuration option to a Connection
2025-08-20 04:34:20: Ignoring invalid configuration option passed to Connection: timeout. This is currently a warning, but in future versions of MySQL2, an error will be thrown if you pass an invalid configuration option to a Connection
2025-08-20 04:34:20: Ignoring invalid configuration option passed to Connection: reconnect. This is currently a warning, but in future versions of MySQL2, an error will be thrown if you pass an invalid configuration option to a Connection
2025-08-20 04:34:21: 🚀 服务器启动成功！
2025-08-20 04:34:21: 📍 端口: 3000
2025-08-20 04:34:21: 🌍 环境: production
2025-08-20 04:34:21: 📖 API文档: http://localhost:3000/api
2025-08-20 04:34:21: 💊 健康检查: http://localhost:3000/health
2025-08-20 04:34:21: ✅ 数据库连接成功
2025-08-20 04:34:35: ::ffff:127.0.0.1 - - [19/Aug/2025:20:34:35 +0000] "POST /api/auth/wxlogin HTTP/1.1" 400 95 "-" "curl/7.68.0"
2025-08-20 04:34:53: ::ffff:127.0.0.1 - - [19/Aug/2025:20:34:53 +0000] "GET /api/study/today HTTP/1.1" 401 62 "-" "curl/7.68.0"
2025-08-20 04:35:14: ::ffff:127.0.0.1 - - [19/Aug/2025:20:35:14 +0000] "GET /api/notifications HTTP/1.1" 401 62 "-" "curl/7.68.0"
2025-08-20 04:35:29: ::ffff:127.0.0.1 - - [19/Aug/2025:20:35:29 +0000] "GET /api/analysis/recent HTTP/1.1" 401 62 "-" "curl/7.68.0"
2025-08-20 04:36:16: ::ffff:127.0.0.1 - - [19/Aug/2025:20:36:16 +0000] "POST /api/auth/wxlogin HTTP/1.1" 200 112 "-" "Mozilla/5.0 (Linux; Android 15; BVL-AN00 Build/HONORBVL-AN00; wv) AppleWebKit/537.36 (KHTML, like Gecko) Version/4.0 Chrome/138.0.7204.180 Mobile Safari/537.36 XWEB/1380123 MMWEBSDK/20250503 MMWEBID/1348 MicroMessenger/8.0.61.2880(0x28003D59) WeChat/arm64 Weixin NetType/5G Language/zh_CN ABI/arm64 MiniProgramEnv/android"
2025-08-20 04:36:17: ::ffff:127.0.0.1 - - [19/Aug/2025:20:36:17 +0000] "GET /api/study/history?startDate=2025-08-16&endDate=2025-08-22&limit=50 HTTP/1.1" 401 62 "-" "Mozilla/5.0 (Linux; Android 15; BVL-AN00 Build/HONORBVL-AN00; wv) AppleWebKit/537.36 (KHTML, like Gecko) Version/4.0 Chrome/138.0.7204.180 Mobile Safari/537.36 XWEB/1380123 MMWEBSDK/20250503 MMWEBID/1348 MicroMessenger/8.0.61.2880(0x28003D59) WeChat/arm64 Weixin NetType/5G Language/zh_CN ABI/arm64 MiniProgramEnv/android"
2025-08-20 04:37:20: ::ffff:127.0.0.1 - - [19/Aug/2025:20:37:20 +0000] "GET /api/study/today HTTP/1.1" 401 62 "-" "curl/7.68.0"
2025-08-20 04:37:20: ::ffff:127.0.0.1 - - [19/Aug/2025:20:37:20 +0000] "GET /api/notifications HTTP/1.1" 401 62 "-" "curl/7.68.0"
2025-08-20 04:37:20: ::ffff:127.0.0.1 - - [19/Aug/2025:20:37:20 +0000] "GET /api/analysis/recent HTTP/1.1" 401 62 "-" "curl/7.68.0"
2025-08-20 04:39:29: ::ffff:127.0.0.1 - - [19/Aug/2025:20:39:29 +0000] "POST /api/auth/wxlogin HTTP/1.1" 200 112 "-" "Mozilla/5.0 (Linux; Android 15; BVL-AN00 Build/HONORBVL-AN00; wv) AppleWebKit/537.36 (KHTML, like Gecko) Version/4.0 Chrome/138.0.7204.180 Mobile Safari/537.36 XWEB/1380123 MMWEBSDK/20250503 MMWEBID/1348 MicroMessenger/8.0.61.2880(0x28003D59) WeChat/arm64 Weixin NetType/5G Language/zh_CN ABI/arm64 MiniProgramEnv/android"
2025-08-20 04:39:52: ::ffff:127.0.0.1 - - [19/Aug/2025:20:39:52 +0000] "GET /health HTTP/1.0" 200 104 "-" "curl/7.68.0"
2025-08-20 04:43:55: ::ffff:127.0.0.1 - - [19/Aug/2025:20:43:55 +0000] "GET /api/proxy HTTP/1.1" 404 61 "-" "Mozilla/5.0 (Windows NT 10.0; Win64; x64) AppleWebKit/537.36 (KHTML, like Gecko) Chrome/91.0.4472.124 Safari/537.36"
2025-08-20 04:44:15: ::ffff:127.0.0.1 - - [19/Aug/2025:20:44:15 +0000] "GET /api/aws/cognito HTTP/1.1" 404 67 "-" "Mozilla/5.0 (Windows NT 10.0; Win64; x64) AppleWebKit/537.36 (KHTML, like Gecko) Chrome/91.0.4472.124 Safari/537.36"
2025-08-20 04:46:34: ::ffff:127.0.0.1 - - [19/Aug/2025:20:46:34 +0000] "GET /api/v1/token HTTP/1.1" 404 64 "-" "Mozilla/5.0 (Windows NT 10.0; Win64; x64) AppleWebKit/537.36 (KHTML, like Gecko) Chrome/91.0.4472.124 Safari/537.36"
2025-08-20 04:47:55: ::ffff:127.0.0.1 - - [19/Aug/2025:20:47:55 +0000] "GET /api/v1/proxy?url=http://169.254.169.254/latest/meta-data/ HTTP/1.1" 404 109 "-" "Mozilla/5.0 (Windows NT 10.0; Win64; x64) AppleWebKit/537.36 (KHTML, like Gecko) Chrome/91.0.4472.124 Safari/537.36"
2025-08-20 04:49:07: ::ffff:127.0.0.1 - - [19/Aug/2025:20:49:07 +0000] "POST /api/auth/login HTTP/1.1" 404 67 "-" "curl/7.68.0"
2025-08-20 04:49:07: ::ffff:127.0.0.1 - - [19/Aug/2025:20:49:07 +0000] "GET /api/users/roles HTTP/1.1" 404 67 "-" "curl/7.68.0"
2025-08-20 04:49:07: ::ffff:127.0.0.1 - - [19/Aug/2025:20:49:07 +0000] "GET /api/aws/api-gateway HTTP/1.1" 404 71 "-" "Mozilla/5.0 (Windows NT 10.0; Win64; x64) AppleWebKit/537.36 (KHTML, like Gecko) Chrome/91.0.4472.124 Safari/537.36"
2025-08-20 04:49:26: 📴 收到SIGINT信号，正在关闭服务器...
2025-08-20 04:49:27: [dotenv@17.2.1] injecting env (13) from .env -- tip: ⚙️  enable debug logging with { debug: true }
2025-08-20 04:49:27: [dotenv@17.2.1] injecting env (0) from .env -- tip: 🛠️  run anywhere with `dotenvx run -- yourcommand`
2025-08-20 04:49:27: [dotenv@17.2.1] injecting env (0) from .env -- tip: 🔐 prevent committing .env to code: https://dotenvx.com/precommit
2025-08-20 04:49:27: Ignoring invalid configuration option passed to Connection: acquireTimeout. This is currently a warning, but in future versions of MySQL2, an error will be thrown if you pass an invalid configuration option to a Connection
2025-08-20 04:49:27: Ignoring invalid configuration option passed to Connection: timeout. This is currently a warning, but in future versions of MySQL2, an error will be thrown if you pass an invalid configuration option to a Connection
2025-08-20 04:49:27: Ignoring invalid configuration option passed to Connection: reconnect. This is currently a warning, but in future versions of MySQL2, an error will be thrown if you pass an invalid configuration option to a Connection
2025-08-20 04:49:27: 🚀 服务器启动成功！
2025-08-20 04:49:27: 📍 端口: 3000
2025-08-20 04:49:27: 🌍 环境: development
2025-08-20 04:49:27: 📖 API文档: http://localhost:3000/api
2025-08-20 04:49:27: 💊 健康检查: http://localhost:3000/health
2025-08-20 04:49:27: ✅ 数据库连接成功
2025-08-20 04:49:30: [0mGET /api/ [32m200[0m 3.896 ms - 274[0m
2025-08-20 04:50:35: [0mGET /api/users/profile [33m401[0m 1.464 ms - 44[0m
2025-08-20 04:52:32: [0mGET /api/study/history?startDate=2025-08-16&endDate=2025-08-22&limit=50 [33m401[0m 0.695 ms - 44[0m
2025-08-20 04:52:32: [0mGET /api/study/history?startDate=2025-08-19&endDate=2025-08-19&limit=1 [33m401[0m 0.617 ms - 44[0m
2025-08-20 04:52:33: [0mGET /api/user/profile [33m404[0m 1.002 ms - 68[0m
2025-08-20 04:52:43: [0mPOST /api/auth/wxlogin [32m200[0m 261.817 ms - 112[0m
2025-08-20 04:52:51: [0mPOST /api/auth/wxlogin [32m200[0m 219.455 ms - 112[0m
2025-08-20 04:53:38: [0mPOST /api/auth/wxlogin [32m200[0m 233.470 ms - 112[0m
2025-08-20 04:55:08: [0mGET /api/ [32m200[0m 0.708 ms - 274[0m
2025-08-20 04:55:08: [0mGET /api/users/profile [33m401[0m 0.868 ms - 44[0m
2025-08-20 04:55:08: [0mGET /api/users/study-stats [33m401[0m 0.674 ms - 44[0m
2025-08-20 04:55:08: [0mGET /api/study/week [33m401[0m 0.692 ms - 44[0m
2025-08-20 04:55:37: 📴 收到SIGINT信号，正在关闭服务器...
2025-08-20 04:55:37: [dotenv@17.2.1] injecting env (13) from .env -- tip: 🔐 encrypt with Dotenvx: https://dotenvx.com
2025-08-20 04:55:37: [dotenv@17.2.1] injecting env (0) from .env -- tip: 🔐 prevent committing .env to code: https://dotenvx.com/precommit
2025-08-20 04:55:37: [dotenv@17.2.1] injecting env (0) from .env -- tip: ⚙️  enable debug logging with { debug: true }
2025-08-20 04:55:37: Ignoring invalid configuration option passed to Connection: acquireTimeout. This is currently a warning, but in future versions of MySQL2, an error will be thrown if you pass an invalid configuration option to a Connection
2025-08-20 04:55:37: Ignoring invalid configuration option passed to Connection: timeout. This is currently a warning, but in future versions of MySQL2, an error will be thrown if you pass an invalid configuration option to a Connection
2025-08-20 04:55:37: Ignoring invalid configuration option passed to Connection: reconnect. This is currently a warning, but in future versions of MySQL2, an error will be thrown if you pass an invalid configuration option to a Connection
2025-08-20 04:55:37: 🚀 服务器启动成功！
2025-08-20 04:55:37: 📍 端口: 3000
2025-08-20 04:55:37: 🌍 环境: development
2025-08-20 04:55:37: 📖 API文档: http://localhost:3000/api
2025-08-20 04:55:37: 💊 健康检查: http://localhost:3000/health
2025-08-20 04:55:38: ✅ 数据库连接成功
2025-08-20 04:55:39: 错误详情: Error: secretOrPrivateKey must have a value
    at Object.module.exports [as sign] (/var/www/zhixiao/node_modules/jsonwebtoken/sign.js:111:20)
    at /var/www/zhixiao/src/routes/auth.js:36:21
    at Layer.handleRequest (/var/www/zhixiao/node_modules/router/lib/layer.js:152:17)
    at next (/var/www/zhixiao/node_modules/router/lib/route.js:157:13)
    at Route.dispatch (/var/www/zhixiao/node_modules/router/lib/route.js:117:3)
    at handle (/var/www/zhixiao/node_modules/router/index.js:435:11)
    at Layer.handleRequest (/var/www/zhixiao/node_modules/router/lib/layer.js:152:17)
    at /var/www/zhixiao/node_modules/router/index.js:295:15
    at processParams (/var/www/zhixiao/node_modules/router/index.js:582:12)
    at next (/var/www/zhixiao/node_modules/router/index.js:291:5)
2025-08-20 04:55:39: [0mPOST /api/auth/test-login [31m500[0m 9.905 ms - 912[0m
2025-08-20 05:01:54: [0mPOST /api/auth/wxlogin [32m200[0m 298.046 ms - 112[0m
2025-08-20 05:02:18: 错误详情: Error: secretOrPrivateKey must have a value
    at Object.module.exports [as sign] (/var/www/zhixiao/node_modules/jsonwebtoken/sign.js:111:20)
    at /var/www/zhixiao/src/routes/auth.js:36:21
    at Layer.handleRequest (/var/www/zhixiao/node_modules/router/lib/layer.js:152:17)
    at next (/var/www/zhixiao/node_modules/router/lib/route.js:157:13)
    at Route.dispatch (/var/www/zhixiao/node_modules/router/lib/route.js:117:3)
    at handle (/var/www/zhixiao/node_modules/router/index.js:435:11)
    at Layer.handleRequest (/var/www/zhixiao/node_modules/router/lib/layer.js:152:17)
    at /var/www/zhixiao/node_modules/router/index.js:295:15
    at processParams (/var/www/zhixiao/node_modules/router/index.js:582:12)
    at next (/var/www/zhixiao/node_modules/router/index.js:291:5)
2025-08-20 05:02:18: [0mPOST /api/auth/test-login [31m500[0m 2.406 ms - 912[0m
2025-08-20 05:02:47: 📴 收到SIGINT信号，正在关闭服务器...
2025-08-20 05:02:47: [dotenv@17.2.1] injecting env (13) from .env -- tip: 📡 observe env with Radar: https://dotenvx.com/radar
2025-08-20 05:02:47: [dotenv@17.2.1] injecting env (0) from .env -- tip: 🔐 prevent committing .env to code: https://dotenvx.com/precommit
2025-08-20 05:02:47: [dotenv@17.2.1] injecting env (0) from .env -- tip: 📡 version env with Radar: https://dotenvx.com/radar
2025-08-20 05:02:47: Ignoring invalid configuration option passed to Connection: acquireTimeout. This is currently a warning, but in future versions of MySQL2, an error will be thrown if you pass an invalid configuration option to a Connection
2025-08-20 05:02:47: Ignoring invalid configuration option passed to Connection: timeout. This is currently a warning, but in future versions of MySQL2, an error will be thrown if you pass an invalid configuration option to a Connection
2025-08-20 05:02:47: Ignoring invalid configuration option passed to Connection: reconnect. This is currently a warning, but in future versions of MySQL2, an error will be thrown if you pass an invalid configuration option to a Connection
2025-08-20 05:02:47: 🚀 服务器启动成功！
2025-08-20 05:02:47: 📍 端口: 3000
2025-08-20 05:02:47: 🌍 环境: development
2025-08-20 05:02:47: 📖 API文档: http://localhost:3000/api
2025-08-20 05:02:47: 💊 健康检查: http://localhost:3000/health
2025-08-20 05:02:47: ✅ 数据库连接成功
2025-08-20 05:02:49: [0mPOST /api/auth/test-login [32m200[0m 8.589 ms - 512[0m
2025-08-20 05:03:09: [0mPOST /api/auth/test-login [32m200[0m 2.845 ms - 512[0m
2025-08-20 05:03:09: [0mGET /api/users/roles [32m200[0m 3.406 ms - 275[0m
2025-08-20 05:03:10: 数据库查询错误: Error: Incorrect arguments to mysqld_stmt_execute
    at PromisePool.execute (/var/www/zhixiao/node_modules/mysql2/lib/promise/pool.js:54:22)
    at query (/var/www/zhixiao/src/config/database.js:36:34)
    at Function.getUserHistory (/var/www/zhixiao/src/models/StudyRecord.js:50:27)
    at /var/www/zhixiao/src/controllers/StudyController.js:325:46
    at /var/www/zhixiao/src/middleware/errorHandler.js:81:21
    at Layer.handleRequest (/var/www/zhixiao/node_modules/router/lib/layer.js:152:17)
    at next (/var/www/zhixiao/node_modules/router/lib/route.js:157:13)
    at auth (/var/www/zhixiao/src/middleware/auth.js:18:5)
    at Layer.handleRequest (/var/www/zhixiao/node_modules/router/lib/layer.js:152:17)
    at next (/var/www/zhixiao/node_modules/router/lib/route.js:157:13) {
  code: 'ER_WRONG_ARGUMENTS',
  errno: 1210,
  sql: '\n' +
    '      SELECT id, date, study_time, subject, remark, created_at, updated_at\n' +
    '      FROM study_records\n' +
    '      WHERE user_id = ? AND date >= ? AND date <= ?\n' +
    '      ORDER BY date DESC\n' +
    '      LIMIT ? OFFSET ?\n' +
    '    ',
  sqlState: 'HY000',
  sqlMessage: 'Incorrect arguments to mysqld_stmt_execute'
}
2025-08-20 05:03:10: [0mGET /api/study/today [32m200[0m 10.072 ms - 115[0m
2025-08-20 05:03:10: [0mGET /api/notifications [32m200[0m 2.922 ms - 145[0m
2025-08-20 05:10:19: [0mPOST /api/auth/wxlogin [32m200[0m 291.415 ms - 112[0m
2025-08-20 05:16:55: 📴 收到SIGINT信号，正在关闭服务器...
2025-08-20 05:16:55: [dotenv@17.2.1] injecting env (13) from .env -- tip: 📡 observe env with Radar: https://dotenvx.com/radar
2025-08-20 05:16:57: [dotenv@17.2.1] injecting env (13) from .env -- tip: ⚙️  suppress all logs with { quiet: true }
2025-08-20 05:16:58: [dotenv@17.2.1] injecting env (13) from .env -- tip: 📡 version env with Radar: https://dotenvx.com/radar
2025-08-20 05:17:00: [dotenv@17.2.1] injecting env (13) from .env -- tip: ⚙️  write to custom object with { processEnv: myObject }
2025-08-20 05:17:01: [dotenv@17.2.1] injecting env (13) from .env -- tip: 📡 version env with Radar: https://dotenvx.com/radar
2025-08-20 05:17:03: [dotenv@17.2.1] injecting env (13) from .env -- tip: ⚙️  load multiple .env files with { path: ['.env.local', '.env'] }
2025-08-20 05:17:04: [dotenv@17.2.1] injecting env (13) from .env -- tip: ⚙️  load multiple .env files with { path: ['.env.local', '.env'] }
2025-08-20 05:17:06: [dotenv@17.2.1] injecting env (13) from .env -- tip: 📡 version env with Radar: https://dotenvx.com/radar
2025-08-20 05:17:07: [dotenv@17.2.1] injecting env (13) from .env -- tip: 🛠️  run anywhere with `dotenvx run -- yourcommand`
2025-08-20 05:17:09: [dotenv@17.2.1] injecting env (13) from .env -- tip: ⚙️  specify custom .env file path with { path: '/custom/path/.env' }
2025-08-20 05:21:39: [dotenv@17.2.1] injecting env (13) from .env -- tip: 🔐 prevent committing .env to code: https://dotenvx.com/precommit
2025-08-20 05:21:41: [dotenv@17.2.1] injecting env (13) from .env -- tip: ⚙️  suppress all logs with { quiet: true }
2025-08-20 05:21:43: [dotenv@17.2.1] injecting env (13) from .env -- tip: ⚙️  enable debug logging with { debug: true }
2025-08-20 05:21:44: [dotenv@17.2.1] injecting env (13) from .env -- tip: 🛠️  run anywhere with `dotenvx run -- yourcommand`
2025-08-20 05:21:46: [dotenv@17.2.1] injecting env (13) from .env -- tip: 📡 auto-backup env with Radar: https://dotenvx.com/radar
2025-08-20 05:21:48: [dotenv@17.2.1] injecting env (13) from .env -- tip: ⚙️  override existing env vars with { override: true }
2025-08-20 05:21:49: [dotenv@17.2.1] injecting env (13) from .env -- tip: ⚙️  suppress all logs with { quiet: true }
2025-08-20 05:21:51: [dotenv@17.2.1] injecting env (13) from .env -- tip: ⚙️  specify custom .env file path with { path: '/custom/path/.env' }
2025-08-20 05:21:52: [dotenv@17.2.1] injecting env (13) from .env -- tip: ⚙️  enable debug logging with { debug: true }
2025-08-20 05:21:54: [dotenv@17.2.1] injecting env (13) from .env -- tip: 🔐 prevent building .env in docker: https://dotenvx.com/prebuild
2025-08-20 05:22:29: [dotenv@17.2.1] injecting env (13) from .env -- tip: 📡 auto-backup env with Radar: https://dotenvx.com/radar
2025-08-20 05:22:30: [dotenv@17.2.1] injecting env (13) from .env -- tip: 📡 auto-backup env with Radar: https://dotenvx.com/radar
2025-08-20 05:22:32: [dotenv@17.2.1] injecting env (13) from .env -- tip: 🔐 encrypt with Dotenvx: https://dotenvx.com
2025-08-20 05:22:34: [dotenv@17.2.1] injecting env (13) from .env -- tip: 📡 auto-backup env with Radar: https://dotenvx.com/radar
2025-08-20 05:22:35: [dotenv@17.2.1] injecting env (13) from .env -- tip: 📡 observe env with Radar: https://dotenvx.com/radar
2025-08-20 05:22:37: [dotenv@17.2.1] injecting env (13) from .env -- tip: ⚙️  enable debug logging with { debug: true }
2025-08-20 05:22:38: [dotenv@17.2.1] injecting env (13) from .env -- tip: 📡 version env with Radar: https://dotenvx.com/radar
2025-08-20 05:22:40: [dotenv@17.2.1] injecting env (13) from .env -- tip: 📡 version env with Radar: https://dotenvx.com/radar
2025-08-20 05:22:42: [dotenv@17.2.1] injecting env (13) from .env -- tip: 📡 version env with Radar: https://dotenvx.com/radar
2025-08-20 05:22:43: [dotenv@17.2.1] injecting env (13) from .env -- tip: 📡 auto-backup env with Radar: https://dotenvx.com/radar
2025-08-20 06:06:59: [dotenv@17.2.1] injecting env (13) from .env -- tip: 📡 auto-backup env with Radar: https://dotenvx.com/radar
2025-08-20 06:06:59: [dotenv@17.2.1] injecting env (0) from .env -- tip: ⚙️  specify custom .env file path with { path: '/custom/path/.env' }
2025-08-20 06:06:59: [dotenv@17.2.1] injecting env (0) from .env -- tip: ⚙️  specify custom .env file path with { path: '/custom/path/.env' }
2025-08-20 06:06:59: Ignoring invalid configuration option passed to Connection: acquireTimeout. This is currently a warning, but in future versions of MySQL2, an error will be thrown if you pass an invalid configuration option to a Connection
2025-08-20 06:06:59: Ignoring invalid configuration option passed to Connection: timeout. This is currently a warning, but in future versions of MySQL2, an error will be thrown if you pass an invalid configuration option to a Connection
2025-08-20 06:06:59: Ignoring invalid configuration option passed to Connection: reconnect. This is currently a warning, but in future versions of MySQL2, an error will be thrown if you pass an invalid configuration option to a Connection
2025-08-20 06:06:59: 🚀 服务器启动成功！
2025-08-20 06:06:59: 📍 端口: 3000
2025-08-20 06:06:59: 🌍 环境: development
2025-08-20 06:06:59: 📖 API文档: http://localhost:3000/api
2025-08-20 06:06:59: 💊 健康检查: http://localhost:3000/health
2025-08-20 06:06:59: ✅ 数据库连接成功
2025-08-20 06:45:48: 📴 收到SIGINT信号，正在关闭服务器...
2025-08-20 06:45:49: [dotenv@17.2.1] injecting env (13) from .env -- tip: ⚙️  specify custom .env file path with { path: '/custom/path/.env' }
2025-08-20 06:45:49: [dotenv@17.2.1] injecting env (0) from .env -- tip: ⚙️  enable debug logging with { debug: true }
2025-08-20 06:45:49: [dotenv@17.2.1] injecting env (0) from .env -- tip: ⚙️  suppress all logs with { quiet: true }
2025-08-20 06:45:49: Ignoring invalid configuration option passed to Connection: acquireTimeout. This is currently a warning, but in future versions of MySQL2, an error will be thrown if you pass an invalid configuration option to a Connection
2025-08-20 06:45:49: Ignoring invalid configuration option passed to Connection: timeout. This is currently a warning, but in future versions of MySQL2, an error will be thrown if you pass an invalid configuration option to a Connection
2025-08-20 06:45:49: Ignoring invalid configuration option passed to Connection: reconnect. This is currently a warning, but in future versions of MySQL2, an error will be thrown if you pass an invalid configuration option to a Connection
2025-08-20 06:45:49: 🚀 服务器启动成功！
2025-08-20 06:45:49: 📍 端口: 3000
2025-08-20 06:45:49: 🌍 环境: development
2025-08-20 06:45:49: 📖 API文档: http://localhost:3000/api
2025-08-20 06:45:49: 💊 健康检查: http://localhost:3000/health
2025-08-20 06:45:49: ✅ 数据库连接成功
2025-08-20 07:02:55: 📴 收到SIGINT信号，正在关闭服务器...
2025-08-20 07:02:56: [dotenv@17.2.1] injecting env (13) from .env -- tip: ⚙️  load multiple .env files with { path: ['.env.local', '.env'] }
2025-08-20 07:02:56: [dotenv@17.2.1] injecting env (0) from .env -- tip: 📡 observe env with Radar: https://dotenvx.com/radar
2025-08-20 07:02:56: [dotenv@17.2.1] injecting env (0) from .env -- tip: ⚙️  load multiple .env files with { path: ['.env.local', '.env'] }
2025-08-20 07:02:56: Ignoring invalid configuration option passed to Connection: acquireTimeout. This is currently a warning, but in future versions of MySQL2, an error will be thrown if you pass an invalid configuration option to a Connection
2025-08-20 07:02:56: Ignoring invalid configuration option passed to Connection: timeout. This is currently a warning, but in future versions of MySQL2, an error will be thrown if you pass an invalid configuration option to a Connection
2025-08-20 07:02:56: Ignoring invalid configuration option passed to Connection: reconnect. This is currently a warning, but in future versions of MySQL2, an error will be thrown if you pass an invalid configuration option to a Connection
2025-08-20 07:02:56: 🚀 服务器启动成功！
2025-08-20 07:02:56: 📍 端口: 3000
2025-08-20 07:02:56: 🌍 环境: development
2025-08-20 07:02:56: 📖 API文档: http://localhost:3000/api
2025-08-20 07:02:56: 💊 健康检查: http://localhost:3000/health
2025-08-20 07:02:56: ✅ 数据库连接成功
2025-08-20 07:06:32: 📴 收到SIGINT信号，正在关闭服务器...
2025-08-20 07:06:40: [dotenv@17.2.1] injecting env (13) from .env -- tip: 📡 observe env with Radar: https://dotenvx.com/radar
2025-08-20 07:06:40: [dotenv@17.2.1] injecting env (0) from .env -- tip: ⚙️  load multiple .env files with { path: ['.env.local', '.env'] }
2025-08-20 07:06:40: [dotenv@17.2.1] injecting env (0) from .env -- tip: ⚙️  write to custom object with { processEnv: myObject }
2025-08-20 07:06:40: Ignoring invalid configuration option passed to Connection: acquireTimeout. This is currently a warning, but in future versions of MySQL2, an error will be thrown if you pass an invalid configuration option to a Connection
2025-08-20 07:06:41: 🚀 服务器启动成功！
2025-08-20 07:06:41: 📍 端口: 3000
2025-08-20 07:06:41: 🌍 环境: development
2025-08-20 07:06:41: 📖 API文档: http://localhost:3000/api
2025-08-20 07:06:41: 💊 健康检查: http://localhost:3000/health
2025-08-20 07:06:41: ✅ 数据库连接成功
2025-08-20 07:11:07: 📴 收到SIGINT信号，正在关闭服务器...
2025-08-20 07:11:08: [dotenv@17.2.1] injecting env (13) from .env -- tip: ⚙️  write to custom object with { processEnv: myObject }
2025-08-20 07:11:08: [dotenv@17.2.1] injecting env (0) from .env -- tip: 📡 observe env with Radar: https://dotenvx.com/radar
2025-08-20 07:11:08: [dotenv@17.2.1] injecting env (0) from .env -- tip: 🔐 prevent building .env in docker: https://dotenvx.com/prebuild
2025-08-20 07:11:08: Ignoring invalid configuration option passed to Connection: acquireTimeout. This is currently a warning, but in future versions of MySQL2, an error will be thrown if you pass an invalid configuration option to a Connection
2025-08-20 07:11:08: 🚀 服务器启动成功！
2025-08-20 07:11:08: 📍 端口: 3000
2025-08-20 07:11:08: 🌍 环境: development
2025-08-20 07:11:08: 📖 API文档: http://localhost:3000/api
2025-08-20 07:11:08: 💊 健康检查: http://localhost:3000/health
2025-08-20 07:11:08: ✅ 数据库连接成功
2025-08-20 07:11:27: [0mPOST /api/auth/test-login [32m200[0m 8.857 ms - 512[0m
2025-08-20 07:11:52: 数据库查询错误: Error: Incorrect arguments to mysqld_stmt_execute
    at PromisePool.execute (/var/www/zhixiao/node_modules/mysql2/lib/promise/pool.js:54:22)
    at query (/var/www/zhixiao/src/config/database.js:37:34)
    at Function.getUserHistory (/var/www/zhixiao/src/models/StudyRecord.js:50:27)
    at /var/www/zhixiao/src/controllers/StudyController.js:325:46
    at /var/www/zhixiao/src/middleware/errorHandler.js:81:21
    at Layer.handleRequest (/var/www/zhixiao/node_modules/router/lib/layer.js:152:17)
    at next (/var/www/zhixiao/node_modules/router/lib/route.js:157:13)
    at auth (/var/www/zhixiao/src/middleware/auth.js:18:5)
    at Layer.handleRequest (/var/www/zhixiao/node_modules/router/lib/layer.js:152:17)
    at next (/var/www/zhixiao/node_modules/router/lib/route.js:157:13) {
  code: 'ER_WRONG_ARGUMENTS',
  errno: 1210,
  sql: '\n' +
    '      SELECT id, date, study_time, subject, remark, created_at, updated_at\n' +
    '      FROM study_records\n' +
    '      WHERE user_id = ? AND date >= ? AND date <= ?\n' +
    '      ORDER BY date DESC\n' +
    '      LIMIT ? OFFSET ?\n' +
    '    ',
  sqlState: 'HY000',
  sqlMessage: 'Incorrect arguments to mysqld_stmt_execute'
}
2025-08-20 07:11:52: [0mGET /api/study/today [32m200[0m 12.984 ms - 115[0m
2025-08-20 07:13:19: [0mPOST /api/auth/test-login [32m200[0m 2.507 ms - 512[0m
2025-08-20 07:13:19: 用户登出: ID=1, Name=测试用户, Time=2025-08-19T23:13:19.101Z
2025-08-20 07:13:19: [0mPOST /api/auth/logout [32m200[0m 2.515 ms - 145[0m
2025-08-20 07:13:19: [0mGET /api/users/roles [32m200[0m 2.260 ms - 275[0m
2025-08-20 07:13:19: 数据库查询错误: Error: Incorrect arguments to mysqld_stmt_execute
    at PromisePool.execute (/var/www/zhixiao/node_modules/mysql2/lib/promise/pool.js:54:22)
    at query (/var/www/zhixiao/src/config/database.js:37:34)
    at Function.getUserHistory (/var/www/zhixiao/src/models/StudyRecord.js:50:27)
    at /var/www/zhixiao/src/controllers/StudyController.js:325:46
    at /var/www/zhixiao/src/middleware/errorHandler.js:81:21
    at Layer.handleRequest (/var/www/zhixiao/node_modules/router/lib/layer.js:152:17)
    at next (/var/www/zhixiao/node_modules/router/lib/route.js:157:13)
    at auth (/var/www/zhixiao/src/middleware/auth.js:18:5)
    at Layer.handleRequest (/var/www/zhixiao/node_modules/router/lib/layer.js:152:17)
    at next (/var/www/zhixiao/node_modules/router/lib/route.js:157:13) {
  code: 'ER_WRONG_ARGUMENTS',
  errno: 1210,
  sql: '\n' +
    '      SELECT id, date, study_time, subject, remark, created_at, updated_at\n' +
    '      FROM study_records\n' +
    '      WHERE user_id = ? AND date >= ? AND date <= ?\n' +
    '      ORDER BY date DESC\n' +
    '      LIMIT ? OFFSET ?\n' +
    '    ',
  sqlState: 'HY000',
  sqlMessage: 'Incorrect arguments to mysqld_stmt_execute'
}
2025-08-20 07:13:19: [0mGET /api/study/today [32m200[0m 3.329 ms - 115[0m
2025-08-20 07:13:19: 数据库查询错误: Error: Incorrect arguments to mysqld_stmt_execute
    at PromisePool.execute (/var/www/zhixiao/node_modules/mysql2/lib/promise/pool.js:54:22)
    at query (/var/www/zhixiao/src/config/database.js:37:34)
    at Function.getUserHistory (/var/www/zhixiao/src/models/StudyRecord.js:50:27)
    at /var/www/zhixiao/src/controllers/StudyController.js:480:46
    at /var/www/zhixiao/src/middleware/errorHandler.js:81:21
    at Layer.handleRequest (/var/www/zhixiao/node_modules/router/lib/layer.js:152:17)
    at next (/var/www/zhixiao/node_modules/router/lib/route.js:157:13)
    at auth (/var/www/zhixiao/src/middleware/auth.js:18:5)
    at Layer.handleRequest (/var/www/zhixiao/node_modules/router/lib/layer.js:152:17)
    at next (/var/www/zhixiao/node_modules/router/lib/route.js:157:13) {
  code: 'ER_WRONG_ARGUMENTS',
  errno: 1210,
  sql: '\n' +
    '      SELECT id, date, study_time, subject, remark, created_at, updated_at\n' +
    '      FROM study_records\n' +
    '      WHERE user_id = ? AND date >= ? AND date <= ?\n' +
    '      ORDER BY date DESC\n' +
    '      LIMIT ? OFFSET ?\n' +
    '    ',
  sqlState: 'HY000',
  sqlMessage: 'Incorrect arguments to mysqld_stmt_execute'
}
2025-08-20 07:13:19: 获取月度数据失败: Error: Incorrect arguments to mysqld_stmt_execute
    at PromisePool.execute (/var/www/zhixiao/node_modules/mysql2/lib/promise/pool.js:54:22)
    at query (/var/www/zhixiao/src/config/database.js:37:34)
    at Function.getUserHistory (/var/www/zhixiao/src/models/StudyRecord.js:50:27)
    at /var/www/zhixiao/src/controllers/StudyController.js:480:46
    at /var/www/zhixiao/src/middleware/errorHandler.js:81:21
    at Layer.handleRequest (/var/www/zhixiao/node_modules/router/lib/layer.js:152:17)
    at next (/var/www/zhixiao/node_modules/router/lib/route.js:157:13)
    at auth (/var/www/zhixiao/src/middleware/auth.js:18:5)
    at Layer.handleRequest (/var/www/zhixiao/node_modules/router/lib/layer.js:152:17)
    at next (/var/www/zhixiao/node_modules/router/lib/route.js:157:13) {
  code: 'ER_WRONG_ARGUMENTS',
  errno: 1210,
  sql: '\n' +
    '      SELECT id, date, study_time, subject, remark, created_at, updated_at\n' +
    '      FROM study_records\n' +
    '      WHERE user_id = ? AND date >= ? AND date <= ?\n' +
    '      ORDER BY date DESC\n' +
    '      LIMIT ? OFFSET ?\n' +
    '    ',
  sqlState: 'HY000',
  sqlMessage: 'Incorrect arguments to mysqld_stmt_execute'
}
2025-08-20 07:13:19: [0mGET /api/study/month [32m200[0m 107.991 ms - 3029[0m
2025-08-20 07:13:19: [0mGET /api/analysis/recent [32m200[0m 2.253 ms - 372[0m
2025-08-20 07:13:19: [0mGET /api/analysis/trends [32m200[0m 2.181 ms - 427[0m
2025-08-20 07:13:19: [0mGET /api/notifications [32m200[0m 1.918 ms - 145[0m
2025-08-20 07:13:19: [0mGET /api/exam/list [32m200[0m 1.824 ms - 169[0m
2025-08-20 07:15:08: 📴 收到SIGINT信号，正在关闭服务器...
2025-08-20 07:15:08: [dotenv@17.2.1] injecting env (13) from .env -- tip: 📡 auto-backup env with Radar: https://dotenvx.com/radar
2025-08-20 07:15:08: [dotenv@17.2.1] injecting env (0) from .env -- tip: 🔐 prevent committing .env to code: https://dotenvx.com/precommit
2025-08-20 07:15:08: [dotenv@17.2.1] injecting env (0) from .env -- tip: 📡 observe env with Radar: https://dotenvx.com/radar
2025-08-20 07:15:08: Ignoring invalid configuration option passed to Connection: acquireTimeout. This is currently a warning, but in future versions of MySQL2, an error will be thrown if you pass an invalid configuration option to a Connection
2025-08-20 07:15:09: 🚀 服务器启动成功！
2025-08-20 07:15:09: 📍 端口: 3000
2025-08-20 07:15:09: 🌍 环境: development
2025-08-20 07:15:09: 📖 API文档: http://localhost:3000/api
2025-08-20 07:15:09: 💊 健康检查: http://localhost:3000/health
2025-08-20 07:15:09: ✅ 数据库连接成功
2025-08-20 07:15:18: [0mPOST /api/auth/test-login [32m200[0m 8.388 ms - 512[0m
2025-08-20 07:16:01: 📴 收到SIGINT信号，正在关闭服务器...
2025-08-20 07:16:01: [dotenv@17.2.1] injecting env (13) from .env -- tip: ⚙️  write to custom object with { processEnv: myObject }
2025-08-20 07:16:01: [dotenv@17.2.1] injecting env (0) from .env -- tip: 🔐 prevent building .env in docker: https://dotenvx.com/prebuild
2025-08-20 07:16:01: [dotenv@17.2.1] injecting env (0) from .env -- tip: ⚙️  suppress all logs with { quiet: true }
2025-08-20 07:16:01: Ignoring invalid configuration option passed to Connection: acquireTimeout. This is currently a warning, but in future versions of MySQL2, an error will be thrown if you pass an invalid configuration option to a Connection
2025-08-20 07:16:02: 🚀 服务器启动成功！
2025-08-20 07:16:02: 📍 端口: 3000
2025-08-20 07:16:02: 🌍 环境: development
2025-08-20 07:16:02: 📖 API文档: http://localhost:3000/api
2025-08-20 07:16:02: 💊 健康检查: http://localhost:3000/health
2025-08-20 07:16:02: ✅ 数据库连接成功
2025-08-20 07:16:18: 数据库查询错误: Error: Incorrect arguments to mysqld_stmt_execute
    at PromisePool.execute (/var/www/zhixiao/node_modules/mysql2/lib/promise/pool.js:54:22)
    at query (/var/www/zhixiao/src/config/database.js:37:34)
    at Function.getUserHistory (/var/www/zhixiao/src/models/StudyRecord.js:37:29)
    at /var/www/zhixiao/src/controllers/StudyController.js:30:38
    at /var/www/zhixiao/src/middleware/errorHandler.js:81:21
    at Layer.handleRequest (/var/www/zhixiao/node_modules/router/lib/layer.js:152:17)
    at next (/var/www/zhixiao/node_modules/router/lib/route.js:157:13)
    at auth (/var/www/zhixiao/src/middleware/auth.js:18:5)
    at Layer.handleRequest (/var/www/zhixiao/node_modules/router/lib/layer.js:152:17)
    at next (/var/www/zhixiao/node_modules/router/lib/route.js:157:13) {
  code: 'ER_WRONG_ARGUMENTS',
  errno: 1210,
  sql: '\n' +
    '        SELECT id, date, study_time, subject, remark, created_at, updated_at\n' +
    '        FROM study_records\n' +
    '        WHERE user_id = ?\n' +
    '        ORDER BY date DESC\n' +
    '        LIMIT ? OFFSET ?\n' +
    '      ',
  sqlState: 'HY000',
  sqlMessage: 'Incorrect arguments to mysqld_stmt_execute'
}
2025-08-20 07:16:18: StudyRecord.getUserHistory error: Error: Incorrect arguments to mysqld_stmt_execute
    at PromisePool.execute (/var/www/zhixiao/node_modules/mysql2/lib/promise/pool.js:54:22)
    at query (/var/www/zhixiao/src/config/database.js:37:34)
    at Function.getUserHistory (/var/www/zhixiao/src/models/StudyRecord.js:37:29)
    at /var/www/zhixiao/src/controllers/StudyController.js:30:38
    at /var/www/zhixiao/src/middleware/errorHandler.js:81:21
    at Layer.handleRequest (/var/www/zhixiao/node_modules/router/lib/layer.js:152:17)
    at next (/var/www/zhixiao/node_modules/router/lib/route.js:157:13)
    at auth (/var/www/zhixiao/src/middleware/auth.js:18:5)
    at Layer.handleRequest (/var/www/zhixiao/node_modules/router/lib/layer.js:152:17)
    at next (/var/www/zhixiao/node_modules/router/lib/route.js:157:13) {
  code: 'ER_WRONG_ARGUMENTS',
  errno: 1210,
  sql: '\n' +
    '        SELECT id, date, study_time, subject, remark, created_at, updated_at\n' +
    '        FROM study_records\n' +
    '        WHERE user_id = ?\n' +
    '        ORDER BY date DESC\n' +
    '        LIMIT ? OFFSET ?\n' +
    '      ',
  sqlState: 'HY000',
  sqlMessage: 'Incorrect arguments to mysqld_stmt_execute'
}
2025-08-20 07:16:18: [0mGET /api/study/history [32m200[0m 14.518 ms - 83[0m
2025-08-20 07:16:28: [0mPOST /api/auth/refresh [32m200[0m 10.766 ms - 519[0m
2025-08-20 07:16:28: [0mGET /api/users/profile [32m200[0m 2.225 ms - 568[0m
2025-08-20 07:16:28: [0mGET /api/users/study-stats [32m200[0m 1.993 ms - 293[0m
2025-08-20 07:16:28: 数据库查询错误: Error: Incorrect arguments to mysqld_stmt_execute
    at PromisePool.execute (/var/www/zhixiao/node_modules/mysql2/lib/promise/pool.js:54:22)
    at query (/var/www/zhixiao/src/config/database.js:37:34)
    at Function.getUserHistory (/var/www/zhixiao/src/models/StudyRecord.js:37:29)
    at /var/www/zhixiao/src/controllers/StudyController.js:386:45
    at /var/www/zhixiao/src/middleware/errorHandler.js:81:21
    at Layer.handleRequest (/var/www/zhixiao/node_modules/router/lib/layer.js:152:17)
    at next (/var/www/zhixiao/node_modules/router/lib/route.js:157:13)
    at auth (/var/www/zhixiao/src/middleware/auth.js:18:5)
    at Layer.handleRequest (/var/www/zhixiao/node_modules/router/lib/layer.js:152:17)
    at next (/var/www/zhixiao/node_modules/router/lib/route.js:157:13) {
  code: 'ER_WRONG_ARGUMENTS',
  errno: 1210,
  sql: '\n' +
    '        SELECT id, date, study_time, subject, remark, created_at, updated_at\n' +
    '        FROM study_records\n' +
    '        WHERE user_id = ?\n' +
    '        ORDER BY date DESC\n' +
    '        LIMIT ? OFFSET ?\n' +
    '      ',
  sqlState: 'HY000',
  sqlMessage: 'Incorrect arguments to mysqld_stmt_execute'
}
2025-08-20 07:16:28: StudyRecord.getUserHistory error: Error: Incorrect arguments to mysqld_stmt_execute
    at PromisePool.execute (/var/www/zhixiao/node_modules/mysql2/lib/promise/pool.js:54:22)
    at query (/var/www/zhixiao/src/config/database.js:37:34)
    at Function.getUserHistory (/var/www/zhixiao/src/models/StudyRecord.js:37:29)
    at /var/www/zhixiao/src/controllers/StudyController.js:386:45
    at /var/www/zhixiao/src/middleware/errorHandler.js:81:21
    at Layer.handleRequest (/var/www/zhixiao/node_modules/router/lib/layer.js:152:17)
    at next (/var/www/zhixiao/node_modules/router/lib/route.js:157:13)
    at auth (/var/www/zhixiao/src/middleware/auth.js:18:5)
    at Layer.handleRequest (/var/www/zhixiao/node_modules/router/lib/layer.js:152:17)
    at next (/var/www/zhixiao/node_modules/router/lib/route.js:157:13) {
  code: 'ER_WRONG_ARGUMENTS',
  errno: 1210,
  sql: '\n' +
    '        SELECT id, date, study_time, subject, remark, created_at, updated_at\n' +
    '        FROM study_records\n' +
    '        WHERE user_id = ?\n' +
    '        ORDER BY date DESC\n' +
    '        LIMIT ? OFFSET ?\n' +
    '      ',
  sqlState: 'HY000',
  sqlMessage: 'Incorrect arguments to mysqld_stmt_execute'
}
2025-08-20 07:16:28: [0mGET /api/study/week [32m200[0m 4.653 ms - 655[0m
2025-08-20 07:16:28: 数据库查询错误: Error: Incorrect arguments to mysqld_stmt_execute
    at PromisePool.execute (/var/www/zhixiao/node_modules/mysql2/lib/promise/pool.js:54:22)
    at query (/var/www/zhixiao/src/config/database.js:37:34)
    at Function.getUserHistory (/var/www/zhixiao/src/models/StudyRecord.js:37:29)
    at /var/www/zhixiao/src/controllers/StudyController.js:30:38
    at /var/www/zhixiao/src/middleware/errorHandler.js:81:21
    at Layer.handleRequest (/var/www/zhixiao/node_modules/router/lib/layer.js:152:17)
    at next (/var/www/zhixiao/node_modules/router/lib/route.js:157:13)
    at auth (/var/www/zhixiao/src/middleware/auth.js:18:5)
    at Layer.handleRequest (/var/www/zhixiao/node_modules/router/lib/layer.js:152:17)
    at next (/var/www/zhixiao/node_modules/router/lib/route.js:157:13) {
  code: 'ER_WRONG_ARGUMENTS',
  errno: 1210,
  sql: '\n' +
    '        SELECT id, date, study_time, subject, remark, created_at, updated_at\n' +
    '        FROM study_records\n' +
    '        WHERE user_id = ?\n' +
    '        ORDER BY date DESC\n' +
    '        LIMIT ? OFFSET ?\n' +
    '      ',
  sqlState: 'HY000',
  sqlMessage: 'Incorrect arguments to mysqld_stmt_execute'
}
2025-08-20 07:16:28: StudyRecord.getUserHistory error: Error: Incorrect arguments to mysqld_stmt_execute
    at PromisePool.execute (/var/www/zhixiao/node_modules/mysql2/lib/promise/pool.js:54:22)
    at query (/var/www/zhixiao/src/config/database.js:37:34)
    at Function.getUserHistory (/var/www/zhixiao/src/models/StudyRecord.js:37:29)
    at /var/www/zhixiao/src/controllers/StudyController.js:30:38
    at /var/www/zhixiao/src/middleware/errorHandler.js:81:21
    at Layer.handleRequest (/var/www/zhixiao/node_modules/router/lib/layer.js:152:17)
    at next (/var/www/zhixiao/node_modules/router/lib/route.js:157:13)
    at auth (/var/www/zhixiao/src/middleware/auth.js:18:5)
    at Layer.handleRequest (/var/www/zhixiao/node_modules/router/lib/layer.js:152:17)
    at next (/var/www/zhixiao/node_modules/router/lib/route.js:157:13) {
  code: 'ER_WRONG_ARGUMENTS',
  errno: 1210,
  sql: '\n' +
    '        SELECT id, date, study_time, subject, remark, created_at, updated_at\n' +
    '        FROM study_records\n' +
    '        WHERE user_id = ?\n' +
    '        ORDER BY date DESC\n' +
    '        LIMIT ? OFFSET ?\n' +
    '      ',
  sqlState: 'HY000',
  sqlMessage: 'Incorrect arguments to mysqld_stmt_execute'
}
2025-08-20 07:16:28: [0mGET /api/study/history [32m200[0m 3.525 ms - 83[0m
2025-08-20 07:16:28: [0mGET /api/analysis/personal [32m200[0m 1.724 ms - 376[0m
2025-08-20 07:16:28: [0mGET /api/analysis/ranking [32m200[0m 1.788 ms - 332[0m
2025-08-20 07:16:28: [0mGET /api/exam/latest [32m200[0m 2.108 ms - 109[0m
2025-08-20 07:16:28: [0mGET /api/docs/list [32m200[0m 4.884 ms - 1941[0m
2025-08-20 07:17:42: [0mPOST /api/auth/refresh [32m200[0m 4.145 ms - 519[0m
2025-08-20 07:17:42: [0mGET /api/users/profile [32m200[0m 1.699 ms - 568[0m
2025-08-20 07:17:42: [0mGET /api/users/study-stats [32m200[0m 1.587 ms - 293[0m
2025-08-20 07:17:42: 数据库查询错误: Error: Incorrect arguments to mysqld_stmt_execute
    at PromisePool.execute (/var/www/zhixiao/node_modules/mysql2/lib/promise/pool.js:54:22)
    at query (/var/www/zhixiao/src/config/database.js:37:34)
    at Function.getUserHistory (/var/www/zhixiao/src/models/StudyRecord.js:37:29)
    at /var/www/zhixiao/src/controllers/StudyController.js:386:45
    at /var/www/zhixiao/src/middleware/errorHandler.js:81:21
    at Layer.handleRequest (/var/www/zhixiao/node_modules/router/lib/layer.js:152:17)
    at next (/var/www/zhixiao/node_modules/router/lib/route.js:157:13)
    at auth (/var/www/zhixiao/src/middleware/auth.js:18:5)
    at Layer.handleRequest (/var/www/zhixiao/node_modules/router/lib/layer.js:152:17)
    at next (/var/www/zhixiao/node_modules/router/lib/route.js:157:13) {
  code: 'ER_WRONG_ARGUMENTS',
  errno: 1210,
  sql: '\n' +
    '        SELECT id, date, study_time, subject, remark, created_at, updated_at\n' +
    '        FROM study_records\n' +
    '        WHERE user_id = ?\n' +
    '        ORDER BY date DESC\n' +
    '        LIMIT ? OFFSET ?\n' +
    '      ',
  sqlState: 'HY000',
  sqlMessage: 'Incorrect arguments to mysqld_stmt_execute'
}
2025-08-20 07:17:42: StudyRecord.getUserHistory error: Error: Incorrect arguments to mysqld_stmt_execute
    at PromisePool.execute (/var/www/zhixiao/node_modules/mysql2/lib/promise/pool.js:54:22)
    at query (/var/www/zhixiao/src/config/database.js:37:34)
    at Function.getUserHistory (/var/www/zhixiao/src/models/StudyRecord.js:37:29)
    at /var/www/zhixiao/src/controllers/StudyController.js:386:45
    at /var/www/zhixiao/src/middleware/errorHandler.js:81:21
    at Layer.handleRequest (/var/www/zhixiao/node_modules/router/lib/layer.js:152:17)
    at next (/var/www/zhixiao/node_modules/router/lib/route.js:157:13)
    at auth (/var/www/zhixiao/src/middleware/auth.js:18:5)
    at Layer.handleRequest (/var/www/zhixiao/node_modules/router/lib/layer.js:152:17)
    at next (/var/www/zhixiao/node_modules/router/lib/route.js:157:13) {
  code: 'ER_WRONG_ARGUMENTS',
  errno: 1210,
  sql: '\n' +
    '        SELECT id, date, study_time, subject, remark, created_at, updated_at\n' +
    '        FROM study_records\n' +
    '        WHERE user_id = ?\n' +
    '        ORDER BY date DESC\n' +
    '        LIMIT ? OFFSET ?\n' +
    '      ',
  sqlState: 'HY000',
  sqlMessage: 'Incorrect arguments to mysqld_stmt_execute'
}
2025-08-20 07:17:42: [0mGET /api/study/week [32m200[0m 3.659 ms - 655[0m
2025-08-20 07:17:42: 数据库查询错误: Error: Incorrect arguments to mysqld_stmt_execute
    at PromisePool.execute (/var/www/zhixiao/node_modules/mysql2/lib/promise/pool.js:54:22)
    at query (/var/www/zhixiao/src/config/database.js:37:34)
    at Function.getUserHistory (/var/www/zhixiao/src/models/StudyRecord.js:37:29)
    at /var/www/zhixiao/src/controllers/StudyController.js:30:38
    at /var/www/zhixiao/src/middleware/errorHandler.js:81:21
    at Layer.handleRequest (/var/www/zhixiao/node_modules/router/lib/layer.js:152:17)
    at next (/var/www/zhixiao/node_modules/router/lib/route.js:157:13)
    at auth (/var/www/zhixiao/src/middleware/auth.js:18:5)
    at Layer.handleRequest (/var/www/zhixiao/node_modules/router/lib/layer.js:152:17)
    at next (/var/www/zhixiao/node_modules/router/lib/route.js:157:13) {
  code: 'ER_WRONG_ARGUMENTS',
  errno: 1210,
  sql: '\n' +
    '        SELECT id, date, study_time, subject, remark, created_at, updated_at\n' +
    '        FROM study_records\n' +
    '        WHERE user_id = ?\n' +
    '        ORDER BY date DESC\n' +
    '        LIMIT ? OFFSET ?\n' +
    '      ',
  sqlState: 'HY000',
  sqlMessage: 'Incorrect arguments to mysqld_stmt_execute'
}
2025-08-20 07:17:42: StudyRecord.getUserHistory error: Error: Incorrect arguments to mysqld_stmt_execute
    at PromisePool.execute (/var/www/zhixiao/node_modules/mysql2/lib/promise/pool.js:54:22)
    at query (/var/www/zhixiao/src/config/database.js:37:34)
    at Function.getUserHistory (/var/www/zhixiao/src/models/StudyRecord.js:37:29)
    at /var/www/zhixiao/src/controllers/StudyController.js:30:38
    at /var/www/zhixiao/src/middleware/errorHandler.js:81:21
    at Layer.handleRequest (/var/www/zhixiao/node_modules/router/lib/layer.js:152:17)
    at next (/var/www/zhixiao/node_modules/router/lib/route.js:157:13)
    at auth (/var/www/zhixiao/src/middleware/auth.js:18:5)
    at Layer.handleRequest (/var/www/zhixiao/node_modules/router/lib/layer.js:152:17)
    at next (/var/www/zhixiao/node_modules/router/lib/route.js:157:13) {
  code: 'ER_WRONG_ARGUMENTS',
  errno: 1210,
  sql: '\n' +
    '        SELECT id, date, study_time, subject, remark, created_at, updated_at\n' +
    '        FROM study_records\n' +
    '        WHERE user_id = ?\n' +
    '        ORDER BY date DESC\n' +
    '        LIMIT ? OFFSET ?\n' +
    '      ',
  sqlState: 'HY000',
  sqlMessage: 'Incorrect arguments to mysqld_stmt_execute'
}
2025-08-20 07:17:42: [0mGET /api/study/history [32m200[0m 2.828 ms - 83[0m
2025-08-20 07:17:42: [0mGET /api/analysis/personal [32m200[0m 1.418 ms - 376[0m
2025-08-20 07:17:42: [0mGET /api/analysis/ranking [32m200[0m 1.564 ms - 332[0m
2025-08-20 07:17:42: [0mGET /api/exam/latest [32m200[0m 1.712 ms - 109[0m
2025-08-20 07:17:42: [0mGET /api/docs/list [32m200[0m 2.603 ms - 1941[0m
2025-08-20 07:27:13: 📴 收到SIGINT信号，正在关闭服务器...
2025-08-20 07:27:13: [dotenv@17.2.1] injecting env (13) from .env -- tip: ⚙️  override existing env vars with { override: true }
2025-08-20 07:27:15: [dotenv@17.2.1] injecting env (13) from .env -- tip: ⚙️  enable debug logging with { debug: true }
2025-08-20 07:27:17: [dotenv@17.2.1] injecting env (13) from .env -- tip: ⚙️  load multiple .env files with { path: ['.env.local', '.env'] }
2025-08-20 07:27:18: [dotenv@17.2.1] injecting env (13) from .env -- tip: ⚙️  specify custom .env file path with { path: '/custom/path/.env' }
2025-08-20 07:27:20: [dotenv@17.2.1] injecting env (13) from .env -- tip: 🔐 prevent building .env in docker: https://dotenvx.com/prebuild
2025-08-20 07:27:21: [dotenv@17.2.1] injecting env (13) from .env -- tip: 📡 auto-backup env with Radar: https://dotenvx.com/radar
2025-08-20 07:27:23: [dotenv@17.2.1] injecting env (13) from .env -- tip: 🔐 prevent building .env in docker: https://dotenvx.com/prebuild
2025-08-20 07:27:24: [dotenv@17.2.1] injecting env (13) from .env -- tip: 🔐 prevent building .env in docker: https://dotenvx.com/prebuild
2025-08-20 07:27:25: [dotenv@17.2.1] injecting env (13) from .env -- tip: ⚙️  enable debug logging with { debug: true }
2025-08-20 07:27:27: [dotenv@17.2.1] injecting env (13) from .env -- tip: ⚙️  specify custom .env file path with { path: '/custom/path/.env' }
2025-08-20 07:29:24: [dotenv@17.2.1] injecting env (13) from .env -- tip: ⚙️  load multiple .env files with { path: ['.env.local', '.env'] }
2025-08-20 07:29:26: [dotenv@17.2.1] injecting env (13) from .env -- tip: 🔐 encrypt with Dotenvx: https://dotenvx.com
2025-08-20 07:29:27: [dotenv@17.2.1] injecting env (13) from .env -- tip: ⚙️  load multiple .env files with { path: ['.env.local', '.env'] }
2025-08-20 07:29:28: [dotenv@17.2.1] injecting env (13) from .env -- tip: 🛠️  run anywhere with `dotenvx run -- yourcommand`
2025-08-20 07:29:30: [dotenv@17.2.1] injecting env (13) from .env -- tip: 🔐 encrypt with Dotenvx: https://dotenvx.com
2025-08-20 07:29:31: [dotenv@17.2.1] injecting env (13) from .env -- tip: ⚙️  suppress all logs with { quiet: true }
2025-08-20 07:29:33: [dotenv@17.2.1] injecting env (13) from .env -- tip: 🔐 prevent committing .env to code: https://dotenvx.com/precommit
2025-08-20 07:29:34: [dotenv@17.2.1] injecting env (13) from .env -- tip: ⚙️  suppress all logs with { quiet: true }
2025-08-20 07:29:36: [dotenv@17.2.1] injecting env (13) from .env -- tip: 🔐 prevent committing .env to code: https://dotenvx.com/precommit
2025-08-20 07:29:37: [dotenv@17.2.1] injecting env (13) from .env -- tip: ⚙️  load multiple .env files with { path: ['.env.local', '.env'] }
2025-08-20 07:35:20: [dotenv@17.2.1] injecting env (13) from .env -- tip: ⚙️  override existing env vars with { override: true }
2025-08-20 07:35:21: [dotenv@17.2.1] injecting env (13) from .env -- tip: 🔐 encrypt with Dotenvx: https://dotenvx.com
2025-08-20 07:35:23: [dotenv@17.2.1] injecting env (13) from .env -- tip: 🔐 prevent building .env in docker: https://dotenvx.com/prebuild
2025-08-20 07:35:24: [dotenv@17.2.1] injecting env (13) from .env -- tip: 🔐 prevent building .env in docker: https://dotenvx.com/prebuild
2025-08-20 07:35:26: [dotenv@17.2.1] injecting env (13) from .env -- tip: 🔐 prevent building .env in docker: https://dotenvx.com/prebuild
2025-08-20 07:35:27: [dotenv@17.2.1] injecting env (13) from .env -- tip: ⚙️  suppress all logs with { quiet: true }
2025-08-20 07:35:29: [dotenv@17.2.1] injecting env (13) from .env -- tip: 🔐 prevent committing .env to code: https://dotenvx.com/precommit
2025-08-20 07:35:30: [dotenv@17.2.1] injecting env (13) from .env -- tip: ⚙️  override existing env vars with { override: true }
2025-08-20 07:35:32: [dotenv@17.2.1] injecting env (13) from .env -- tip: 📡 version env with Radar: https://dotenvx.com/radar
2025-08-20 07:35:33: [dotenv@17.2.1] injecting env (13) from .env -- tip: ⚙️  suppress all logs with { quiet: true }
2025-08-20 07:44:51: [dotenv@17.2.1] injecting env (13) from .env -- tip: ⚙️  specify custom .env file path with { path: '/custom/path/.env' }
2025-08-20 07:44:53: [dotenv@17.2.1] injecting env (13) from .env -- tip: 🛠️  run anywhere with `dotenvx run -- yourcommand`
2025-08-20 07:44:54: [dotenv@17.2.1] injecting env (13) from .env -- tip: 🔐 encrypt with Dotenvx: https://dotenvx.com
2025-08-20 07:44:56: [dotenv@17.2.1] injecting env (13) from .env -- tip: 🔐 prevent committing .env to code: https://dotenvx.com/precommit
2025-08-20 07:44:57: [dotenv@17.2.1] injecting env (13) from .env -- tip: ⚙️  suppress all logs with { quiet: true }
2025-08-20 07:44:58: [dotenv@17.2.1] injecting env (13) from .env -- tip: ⚙️  enable debug logging with { debug: true }
2025-08-20 07:45:00: [dotenv@17.2.1] injecting env (13) from .env -- tip: ⚙️  load multiple .env files with { path: ['.env.local', '.env'] }
2025-08-20 07:45:01: [dotenv@17.2.1] injecting env (13) from .env -- tip: 📡 version env with Radar: https://dotenvx.com/radar
2025-08-20 07:45:03: [dotenv@17.2.1] injecting env (13) from .env -- tip: ⚙️  override existing env vars with { override: true }
2025-08-20 07:45:04: [dotenv@17.2.1] injecting env (13) from .env -- tip: 🔐 prevent building .env in docker: https://dotenvx.com/prebuild
2025-08-20 07:47:31: [dotenv@17.2.1] injecting env (13) from .env -- tip: ⚙️  suppress all logs with { quiet: true }
2025-08-20 07:47:31: [dotenv@17.2.1] injecting env (0) from .env -- tip: 📡 auto-backup env with Radar: https://dotenvx.com/radar
2025-08-20 07:47:32: [dotenv@17.2.1] injecting env (0) from .env -- tip: 🔐 prevent committing .env to code: https://dotenvx.com/precommit
2025-08-20 07:47:32: Ignoring invalid configuration option passed to Connection: acquireTimeout. This is currently a warning, but in future versions of MySQL2, an error will be thrown if you pass an invalid configuration option to a Connection
2025-08-20 07:47:32: Error: Cannot find module 'bcrypt'
2025-08-20 07:47:32: Require stack:
2025-08-20 07:47:32: - /var/www/zhixiao/src/controllers/AuthController.js
2025-08-20 07:47:32: - /var/www/zhixiao/src/routes/auth.js
2025-08-20 07:47:32: - /var/www/zhixiao/src/routes/index.js
2025-08-20 07:47:32: - /var/www/zhixiao/server.js
2025-08-20 07:47:32:     at Function.Module._resolveFilename (node:internal/modules/cjs/loader:1140:15)
2025-08-20 07:47:32:     at Module.Hook._require.Module.require (/usr/lib/node_modules/pm2/node_modules/require-in-the-middle/index.js:81:25)
2025-08-20 07:47:32:     at require (node:internal/modules/helpers:177:18)
2025-08-20 07:47:32:     at Object.<anonymous> (/var/www/zhixiao/src/controllers/AuthController.js:3:16)
2025-08-20 07:47:32:     at Module._compile (node:internal/modules/cjs/loader:1364:14)
2025-08-20 07:47:32:     at Object.Module._extensions..js (node:internal/modules/cjs/loader:1422:10)
2025-08-20 07:47:32:     at Module.load (node:internal/modules/cjs/loader:1203:32)
2025-08-20 07:47:32:     at Function.Module._load (node:internal/modules/cjs/loader:1019:12)
2025-08-20 07:47:32:     at Module.require (node:internal/modules/cjs/loader:1231:19)
2025-08-20 07:47:32:     at Module.Hook._require.Module.require (/usr/lib/node_modules/pm2/node_modules/require-in-the-middle/index.js:101:39) {
2025-08-20 07:47:32:   code: 'MODULE_NOT_FOUND',
2025-08-20 07:47:32:   requireStack: [
2025-08-20 07:47:32:     '/var/www/zhixiao/src/controllers/AuthController.js',
2025-08-20 07:47:32:     '/var/www/zhixiao/src/routes/auth.js',
2025-08-20 07:47:32:     '/var/www/zhixiao/src/routes/index.js',
2025-08-20 07:47:32:     '/var/www/zhixiao/server.js'
2025-08-20 07:47:32:   ]
2025-08-20 07:47:32: }
2025-08-20 07:47:33: [dotenv@17.2.1] injecting env (13) from .env -- tip: ⚙️  write to custom object with { processEnv: myObject }
2025-08-20 07:47:33: [dotenv@17.2.1] injecting env (0) from .env -- tip: ⚙️  enable debug logging with { debug: true }
2025-08-20 07:47:33: [dotenv@17.2.1] injecting env (0) from .env -- tip: 🔐 encrypt with Dotenvx: https://dotenvx.com
2025-08-20 07:47:33: Ignoring invalid configuration option passed to Connection: acquireTimeout. This is currently a warning, but in future versions of MySQL2, an error will be thrown if you pass an invalid configuration option to a Connection
2025-08-20 07:47:33: Error: Cannot find module 'bcrypt'
2025-08-20 07:47:33: Require stack:
2025-08-20 07:47:33: - /var/www/zhixiao/src/controllers/AuthController.js
2025-08-20 07:47:33: - /var/www/zhixiao/src/routes/auth.js
2025-08-20 07:47:33: - /var/www/zhixiao/src/routes/index.js
2025-08-20 07:47:33: - /var/www/zhixiao/server.js
2025-08-20 07:47:33:     at Function.Module._resolveFilename (node:internal/modules/cjs/loader:1140:15)
2025-08-20 07:47:33:     at Module.Hook._require.Module.require (/usr/lib/node_modules/pm2/node_modules/require-in-the-middle/index.js:81:25)
2025-08-20 07:47:33:     at require (node:internal/modules/helpers:177:18)
2025-08-20 07:47:33:     at Object.<anonymous> (/var/www/zhixiao/src/controllers/AuthController.js:3:16)
2025-08-20 07:47:33:     at Module._compile (node:internal/modules/cjs/loader:1364:14)
2025-08-20 07:47:33:     at Object.Module._extensions..js (node:internal/modules/cjs/loader:1422:10)
2025-08-20 07:47:33:     at Module.load (node:internal/modules/cjs/loader:1203:32)
2025-08-20 07:47:33:     at Function.Module._load (node:internal/modules/cjs/loader:1019:12)
2025-08-20 07:47:33:     at Module.require (node:internal/modules/cjs/loader:1231:19)
2025-08-20 07:47:33:     at Module.Hook._require.Module.require (/usr/lib/node_modules/pm2/node_modules/require-in-the-middle/index.js:101:39) {
2025-08-20 07:47:33:   code: 'MODULE_NOT_FOUND',
2025-08-20 07:47:33:   requireStack: [
2025-08-20 07:47:33:     '/var/www/zhixiao/src/controllers/AuthController.js',
2025-08-20 07:47:33:     '/var/www/zhixiao/src/routes/auth.js',
2025-08-20 07:47:33:     '/var/www/zhixiao/src/routes/index.js',
2025-08-20 07:47:33:     '/var/www/zhixiao/server.js'
2025-08-20 07:47:33:   ]
2025-08-20 07:47:33: }
2025-08-20 07:47:34: [dotenv@17.2.1] injecting env (13) from .env -- tip: 🔐 prevent committing .env to code: https://dotenvx.com/precommit
2025-08-20 07:47:34: [dotenv@17.2.1] injecting env (0) from .env -- tip: 🔐 encrypt with Dotenvx: https://dotenvx.com
2025-08-20 07:47:34: [dotenv@17.2.1] injecting env (0) from .env -- tip: 🔐 prevent building .env in docker: https://dotenvx.com/prebuild
2025-08-20 07:47:34: Ignoring invalid configuration option passed to Connection: acquireTimeout. This is currently a warning, but in future versions of MySQL2, an error will be thrown if you pass an invalid configuration option to a Connection
2025-08-20 07:47:34: Error: Cannot find module 'bcrypt'
2025-08-20 07:47:34: Require stack:
2025-08-20 07:47:34: - /var/www/zhixiao/src/controllers/AuthController.js
2025-08-20 07:47:34: - /var/www/zhixiao/src/routes/auth.js
2025-08-20 07:47:34: - /var/www/zhixiao/src/routes/index.js
2025-08-20 07:47:34: - /var/www/zhixiao/server.js
2025-08-20 07:47:34:     at Function.Module._resolveFilename (node:internal/modules/cjs/loader:1140:15)
2025-08-20 07:47:34:     at Module.Hook._require.Module.require (/usr/lib/node_modules/pm2/node_modules/require-in-the-middle/index.js:81:25)
2025-08-20 07:47:34:     at require (node:internal/modules/helpers:177:18)
2025-08-20 07:47:34:     at Object.<anonymous> (/var/www/zhixiao/src/controllers/AuthController.js:3:16)
2025-08-20 07:47:34:     at Module._compile (node:internal/modules/cjs/loader:1364:14)
2025-08-20 07:47:34:     at Object.Module._extensions..js (node:internal/modules/cjs/loader:1422:10)
2025-08-20 07:47:34:     at Module.load (node:internal/modules/cjs/loader:1203:32)
2025-08-20 07:47:34:     at Function.Module._load (node:internal/modules/cjs/loader:1019:12)
2025-08-20 07:47:34:     at Module.require (node:internal/modules/cjs/loader:1231:19)
2025-08-20 07:47:34:     at Module.Hook._require.Module.require (/usr/lib/node_modules/pm2/node_modules/require-in-the-middle/index.js:101:39) {
2025-08-20 07:47:34:   code: 'MODULE_NOT_FOUND',
2025-08-20 07:47:34:   requireStack: [
2025-08-20 07:47:34:     '/var/www/zhixiao/src/controllers/AuthController.js',
2025-08-20 07:47:34:     '/var/www/zhixiao/src/routes/auth.js',
2025-08-20 07:47:34:     '/var/www/zhixiao/src/routes/index.js',
2025-08-20 07:47:34:     '/var/www/zhixiao/server.js'
2025-08-20 07:47:34:   ]
2025-08-20 07:47:34: }
2025-08-20 07:47:36: [dotenv@17.2.1] injecting env (13) from .env -- tip: ⚙️  specify custom .env file path with { path: '/custom/path/.env' }
2025-08-20 07:47:36: [dotenv@17.2.1] injecting env (0) from .env -- tip: ⚙️  override existing env vars with { override: true }
2025-08-20 07:47:36: [dotenv@17.2.1] injecting env (0) from .env -- tip: 🛠️  run anywhere with `dotenvx run -- yourcommand`
2025-08-20 07:47:36: Ignoring invalid configuration option passed to Connection: acquireTimeout. This is currently a warning, but in future versions of MySQL2, an error will be thrown if you pass an invalid configuration option to a Connection
2025-08-20 07:47:36: Error: Cannot find module 'bcrypt'
2025-08-20 07:47:36: Require stack:
2025-08-20 07:47:36: - /var/www/zhixiao/src/controllers/AuthController.js
2025-08-20 07:47:36: - /var/www/zhixiao/src/routes/auth.js
2025-08-20 07:47:36: - /var/www/zhixiao/src/routes/index.js
2025-08-20 07:47:36: - /var/www/zhixiao/server.js
2025-08-20 07:47:36:     at Function.Module._resolveFilename (node:internal/modules/cjs/loader:1140:15)
2025-08-20 07:47:36:     at Module.Hook._require.Module.require (/usr/lib/node_modules/pm2/node_modules/require-in-the-middle/index.js:81:25)
2025-08-20 07:47:36:     at require (node:internal/modules/helpers:177:18)
2025-08-20 07:47:36:     at Object.<anonymous> (/var/www/zhixiao/src/controllers/AuthController.js:3:16)
2025-08-20 07:47:36:     at Module._compile (node:internal/modules/cjs/loader:1364:14)
2025-08-20 07:47:36:     at Object.Module._extensions..js (node:internal/modules/cjs/loader:1422:10)
2025-08-20 07:47:36:     at Module.load (node:internal/modules/cjs/loader:1203:32)
2025-08-20 07:47:36:     at Function.Module._load (node:internal/modules/cjs/loader:1019:12)
2025-08-20 07:47:36:     at Module.require (node:internal/modules/cjs/loader:1231:19)
2025-08-20 07:47:36:     at Module.Hook._require.Module.require (/usr/lib/node_modules/pm2/node_modules/require-in-the-middle/index.js:101:39) {
2025-08-20 07:47:36:   code: 'MODULE_NOT_FOUND',
2025-08-20 07:47:36:   requireStack: [
2025-08-20 07:47:36:     '/var/www/zhixiao/src/controllers/AuthController.js',
2025-08-20 07:47:36:     '/var/www/zhixiao/src/routes/auth.js',
2025-08-20 07:47:36:     '/var/www/zhixiao/src/routes/index.js',
2025-08-20 07:47:36:     '/var/www/zhixiao/server.js'
2025-08-20 07:47:36:   ]
2025-08-20 07:47:36: }
2025-08-20 07:47:37: [dotenv@17.2.1] injecting env (13) from .env -- tip: 📡 observe env with Radar: https://dotenvx.com/radar
2025-08-20 07:47:37: [dotenv@17.2.1] injecting env (0) from .env -- tip: 📡 version env with Radar: https://dotenvx.com/radar
2025-08-20 07:47:37: [dotenv@17.2.1] injecting env (0) from .env -- tip: 🔐 prevent building .env in docker: https://dotenvx.com/prebuild
2025-08-20 07:47:37: Ignoring invalid configuration option passed to Connection: acquireTimeout. This is currently a warning, but in future versions of MySQL2, an error will be thrown if you pass an invalid configuration option to a Connection
2025-08-20 07:47:37: Error: Cannot find module 'bcrypt'
2025-08-20 07:47:37: Require stack:
2025-08-20 07:47:37: - /var/www/zhixiao/src/controllers/AuthController.js
2025-08-20 07:47:37: - /var/www/zhixiao/src/routes/auth.js
2025-08-20 07:47:37: - /var/www/zhixiao/src/routes/index.js
2025-08-20 07:47:37: - /var/www/zhixiao/server.js
2025-08-20 07:47:37:     at Function.Module._resolveFilename (node:internal/modules/cjs/loader:1140:15)
2025-08-20 07:47:37:     at Module.Hook._require.Module.require (/usr/lib/node_modules/pm2/node_modules/require-in-the-middle/index.js:81:25)
2025-08-20 07:47:37:     at require (node:internal/modules/helpers:177:18)
2025-08-20 07:47:37:     at Object.<anonymous> (/var/www/zhixiao/src/controllers/AuthController.js:3:16)
2025-08-20 07:47:37:     at Module._compile (node:internal/modules/cjs/loader:1364:14)
2025-08-20 07:47:37:     at Object.Module._extensions..js (node:internal/modules/cjs/loader:1422:10)
2025-08-20 07:47:37:     at Module.load (node:internal/modules/cjs/loader:1203:32)
2025-08-20 07:47:37:     at Function.Module._load (node:internal/modules/cjs/loader:1019:12)
2025-08-20 07:47:37:     at Module.require (node:internal/modules/cjs/loader:1231:19)
2025-08-20 07:47:37:     at Module.Hook._require.Module.require (/usr/lib/node_modules/pm2/node_modules/require-in-the-middle/index.js:101:39) {
2025-08-20 07:47:37:   code: 'MODULE_NOT_FOUND',
2025-08-20 07:47:37:   requireStack: [
2025-08-20 07:47:37:     '/var/www/zhixiao/src/controllers/AuthController.js',
2025-08-20 07:47:37:     '/var/www/zhixiao/src/routes/auth.js',
2025-08-20 07:47:37:     '/var/www/zhixiao/src/routes/index.js',
2025-08-20 07:47:37:     '/var/www/zhixiao/server.js'
2025-08-20 07:47:37:   ]
2025-08-20 07:47:37: }
2025-08-20 07:47:39: [dotenv@17.2.1] injecting env (13) from .env -- tip: 🔐 encrypt with Dotenvx: https://dotenvx.com
2025-08-20 07:47:39: [dotenv@17.2.1] injecting env (0) from .env -- tip: 🔐 prevent building .env in docker: https://dotenvx.com/prebuild
2025-08-20 07:47:39: [dotenv@17.2.1] injecting env (0) from .env -- tip: 🔐 prevent building .env in docker: https://dotenvx.com/prebuild
2025-08-20 07:47:39: Ignoring invalid configuration option passed to Connection: acquireTimeout. This is currently a warning, but in future versions of MySQL2, an error will be thrown if you pass an invalid configuration option to a Connection
2025-08-20 07:47:39: Error: Cannot find module 'bcrypt'
2025-08-20 07:47:39: Require stack:
2025-08-20 07:47:39: - /var/www/zhixiao/src/controllers/AuthController.js
2025-08-20 07:47:39: - /var/www/zhixiao/src/routes/auth.js
2025-08-20 07:47:39: - /var/www/zhixiao/src/routes/index.js
2025-08-20 07:47:39: - /var/www/zhixiao/server.js
2025-08-20 07:47:39:     at Function.Module._resolveFilename (node:internal/modules/cjs/loader:1140:15)
2025-08-20 07:47:39:     at Module.Hook._require.Module.require (/usr/lib/node_modules/pm2/node_modules/require-in-the-middle/index.js:81:25)
2025-08-20 07:47:39:     at require (node:internal/modules/helpers:177:18)
2025-08-20 07:47:39:     at Object.<anonymous> (/var/www/zhixiao/src/controllers/AuthController.js:3:16)
2025-08-20 07:47:39:     at Module._compile (node:internal/modules/cjs/loader:1364:14)
2025-08-20 07:47:39:     at Object.Module._extensions..js (node:internal/modules/cjs/loader:1422:10)
2025-08-20 07:47:39:     at Module.load (node:internal/modules/cjs/loader:1203:32)
2025-08-20 07:47:39:     at Function.Module._load (node:internal/modules/cjs/loader:1019:12)
2025-08-20 07:47:39:     at Module.require (node:internal/modules/cjs/loader:1231:19)
2025-08-20 07:47:39:     at Module.Hook._require.Module.require (/usr/lib/node_modules/pm2/node_modules/require-in-the-middle/index.js:101:39) {
2025-08-20 07:47:39:   code: 'MODULE_NOT_FOUND',
2025-08-20 07:47:39:   requireStack: [
2025-08-20 07:47:39:     '/var/www/zhixiao/src/controllers/AuthController.js',
2025-08-20 07:47:39:     '/var/www/zhixiao/src/routes/auth.js',
2025-08-20 07:47:39:     '/var/www/zhixiao/src/routes/index.js',
2025-08-20 07:47:39:     '/var/www/zhixiao/server.js'
2025-08-20 07:47:39:   ]
2025-08-20 07:47:39: }
2025-08-20 07:47:40: [dotenv@17.2.1] injecting env (13) from .env -- tip: 🔐 prevent committing .env to code: https://dotenvx.com/precommit
2025-08-20 07:47:40: [dotenv@17.2.1] injecting env (0) from .env -- tip: ⚙️  write to custom object with { processEnv: myObject }
2025-08-20 07:47:40: [dotenv@17.2.1] injecting env (0) from .env -- tip: 🛠️  run anywhere with `dotenvx run -- yourcommand`
2025-08-20 07:47:40: Ignoring invalid configuration option passed to Connection: acquireTimeout. This is currently a warning, but in future versions of MySQL2, an error will be thrown if you pass an invalid configuration option to a Connection
2025-08-20 07:47:40: Error: Cannot find module 'bcrypt'
2025-08-20 07:47:40: Require stack:
2025-08-20 07:47:40: - /var/www/zhixiao/src/controllers/AuthController.js
2025-08-20 07:47:40: - /var/www/zhixiao/src/routes/auth.js
2025-08-20 07:47:40: - /var/www/zhixiao/src/routes/index.js
2025-08-20 07:47:40: - /var/www/zhixiao/server.js
2025-08-20 07:47:40:     at Function.Module._resolveFilename (node:internal/modules/cjs/loader:1140:15)
2025-08-20 07:47:40:     at Module.Hook._require.Module.require (/usr/lib/node_modules/pm2/node_modules/require-in-the-middle/index.js:81:25)
2025-08-20 07:47:40:     at require (node:internal/modules/helpers:177:18)
2025-08-20 07:47:40:     at Object.<anonymous> (/var/www/zhixiao/src/controllers/AuthController.js:3:16)
2025-08-20 07:47:40:     at Module._compile (node:internal/modules/cjs/loader:1364:14)
2025-08-20 07:47:40:     at Object.Module._extensions..js (node:internal/modules/cjs/loader:1422:10)
2025-08-20 07:47:40:     at Module.load (node:internal/modules/cjs/loader:1203:32)
2025-08-20 07:47:40:     at Function.Module._load (node:internal/modules/cjs/loader:1019:12)
2025-08-20 07:47:40:     at Module.require (node:internal/modules/cjs/loader:1231:19)
2025-08-20 07:47:40:     at Module.Hook._require.Module.require (/usr/lib/node_modules/pm2/node_modules/require-in-the-middle/index.js:101:39) {
2025-08-20 07:47:40:   code: 'MODULE_NOT_FOUND',
2025-08-20 07:47:40:   requireStack: [
2025-08-20 07:47:40:     '/var/www/zhixiao/src/controllers/AuthController.js',
2025-08-20 07:47:40:     '/var/www/zhixiao/src/routes/auth.js',
2025-08-20 07:47:40:     '/var/www/zhixiao/src/routes/index.js',
2025-08-20 07:47:40:     '/var/www/zhixiao/server.js'
2025-08-20 07:47:40:   ]
2025-08-20 07:47:40: }
2025-08-20 07:47:41: [dotenv@17.2.1] injecting env (13) from .env -- tip: 🔐 prevent building .env in docker: https://dotenvx.com/prebuild
2025-08-20 07:47:41: [dotenv@17.2.1] injecting env (0) from .env -- tip: ⚙️  specify custom .env file path with { path: '/custom/path/.env' }
2025-08-20 07:47:41: [dotenv@17.2.1] injecting env (0) from .env -- tip: ⚙️  override existing env vars with { override: true }
2025-08-20 07:47:41: Ignoring invalid configuration option passed to Connection: acquireTimeout. This is currently a warning, but in future versions of MySQL2, an error will be thrown if you pass an invalid configuration option to a Connection
2025-08-20 07:47:42: Error: Cannot find module 'bcrypt'
2025-08-20 07:47:42: Require stack:
2025-08-20 07:47:42: - /var/www/zhixiao/src/controllers/AuthController.js
2025-08-20 07:47:42: - /var/www/zhixiao/src/routes/auth.js
2025-08-20 07:47:42: - /var/www/zhixiao/src/routes/index.js
2025-08-20 07:47:42: - /var/www/zhixiao/server.js
2025-08-20 07:47:42:     at Function.Module._resolveFilename (node:internal/modules/cjs/loader:1140:15)
2025-08-20 07:47:42:     at Module.Hook._require.Module.require (/usr/lib/node_modules/pm2/node_modules/require-in-the-middle/index.js:81:25)
2025-08-20 07:47:42:     at require (node:internal/modules/helpers:177:18)
2025-08-20 07:47:42:     at Object.<anonymous> (/var/www/zhixiao/src/controllers/AuthController.js:3:16)
2025-08-20 07:47:42:     at Module._compile (node:internal/modules/cjs/loader:1364:14)
2025-08-20 07:47:42:     at Object.Module._extensions..js (node:internal/modules/cjs/loader:1422:10)
2025-08-20 07:47:42:     at Module.load (node:internal/modules/cjs/loader:1203:32)
2025-08-20 07:47:42:     at Function.Module._load (node:internal/modules/cjs/loader:1019:12)
2025-08-20 07:47:42:     at Module.require (node:internal/modules/cjs/loader:1231:19)
2025-08-20 07:47:42:     at Module.Hook._require.Module.require (/usr/lib/node_modules/pm2/node_modules/require-in-the-middle/index.js:101:39) {
2025-08-20 07:47:42:   code: 'MODULE_NOT_FOUND',
2025-08-20 07:47:42:   requireStack: [
2025-08-20 07:47:42:     '/var/www/zhixiao/src/controllers/AuthController.js',
2025-08-20 07:47:42:     '/var/www/zhixiao/src/routes/auth.js',
2025-08-20 07:47:42:     '/var/www/zhixiao/src/routes/index.js',
2025-08-20 07:47:42:     '/var/www/zhixiao/server.js'
2025-08-20 07:47:42:   ]
2025-08-20 07:47:42: }
2025-08-20 07:47:43: [dotenv@17.2.1] injecting env (13) from .env -- tip: ⚙️  write to custom object with { processEnv: myObject }
2025-08-20 07:47:43: [dotenv@17.2.1] injecting env (0) from .env -- tip: 📡 observe env with Radar: https://dotenvx.com/radar
2025-08-20 07:47:43: [dotenv@17.2.1] injecting env (0) from .env -- tip: ⚙️  enable debug logging with { debug: true }
2025-08-20 07:47:43: Ignoring invalid configuration option passed to Connection: acquireTimeout. This is currently a warning, but in future versions of MySQL2, an error will be thrown if you pass an invalid configuration option to a Connection
2025-08-20 07:47:43: Error: Cannot find module 'bcrypt'
2025-08-20 07:47:43: Require stack:
2025-08-20 07:47:43: - /var/www/zhixiao/src/controllers/AuthController.js
2025-08-20 07:47:43: - /var/www/zhixiao/src/routes/auth.js
2025-08-20 07:47:43: - /var/www/zhixiao/src/routes/index.js
2025-08-20 07:47:43: - /var/www/zhixiao/server.js
2025-08-20 07:47:43:     at Function.Module._resolveFilename (node:internal/modules/cjs/loader:1140:15)
2025-08-20 07:47:43:     at Module.Hook._require.Module.require (/usr/lib/node_modules/pm2/node_modules/require-in-the-middle/index.js:81:25)
2025-08-20 07:47:43:     at require (node:internal/modules/helpers:177:18)
2025-08-20 07:47:43:     at Object.<anonymous> (/var/www/zhixiao/src/controllers/AuthController.js:3:16)
2025-08-20 07:47:43:     at Module._compile (node:internal/modules/cjs/loader:1364:14)
2025-08-20 07:47:43:     at Object.Module._extensions..js (node:internal/modules/cjs/loader:1422:10)
2025-08-20 07:47:43:     at Module.load (node:internal/modules/cjs/loader:1203:32)
2025-08-20 07:47:43:     at Function.Module._load (node:internal/modules/cjs/loader:1019:12)
2025-08-20 07:47:43:     at Module.require (node:internal/modules/cjs/loader:1231:19)
2025-08-20 07:47:43:     at Module.Hook._require.Module.require (/usr/lib/node_modules/pm2/node_modules/require-in-the-middle/index.js:101:39) {
2025-08-20 07:47:43:   code: 'MODULE_NOT_FOUND',
2025-08-20 07:47:43:   requireStack: [
2025-08-20 07:47:43:     '/var/www/zhixiao/src/controllers/AuthController.js',
2025-08-20 07:47:43:     '/var/www/zhixiao/src/routes/auth.js',
2025-08-20 07:47:43:     '/var/www/zhixiao/src/routes/index.js',
2025-08-20 07:47:43:     '/var/www/zhixiao/server.js'
2025-08-20 07:47:43:   ]
2025-08-20 07:47:43: }
2025-08-20 07:47:44: [dotenv@17.2.1] injecting env (13) from .env -- tip: 📡 observe env with Radar: https://dotenvx.com/radar
2025-08-20 07:47:44: [dotenv@17.2.1] injecting env (0) from .env -- tip: ⚙️  override existing env vars with { override: true }
2025-08-20 07:47:44: [dotenv@17.2.1] injecting env (0) from .env -- tip: 🔐 prevent committing .env to code: https://dotenvx.com/precommit
2025-08-20 07:47:44: Ignoring invalid configuration option passed to Connection: acquireTimeout. This is currently a warning, but in future versions of MySQL2, an error will be thrown if you pass an invalid configuration option to a Connection
2025-08-20 07:47:44: Error: Cannot find module 'bcrypt'
2025-08-20 07:47:44: Require stack:
2025-08-20 07:47:44: - /var/www/zhixiao/src/controllers/AuthController.js
2025-08-20 07:47:44: - /var/www/zhixiao/src/routes/auth.js
2025-08-20 07:47:44: - /var/www/zhixiao/src/routes/index.js
2025-08-20 07:47:44: - /var/www/zhixiao/server.js
2025-08-20 07:47:44:     at Function.Module._resolveFilename (node:internal/modules/cjs/loader:1140:15)
2025-08-20 07:47:44:     at Module.Hook._require.Module.require (/usr/lib/node_modules/pm2/node_modules/require-in-the-middle/index.js:81:25)
2025-08-20 07:47:44:     at require (node:internal/modules/helpers:177:18)
2025-08-20 07:47:44:     at Object.<anonymous> (/var/www/zhixiao/src/controllers/AuthController.js:3:16)
2025-08-20 07:47:44:     at Module._compile (node:internal/modules/cjs/loader:1364:14)
2025-08-20 07:47:44:     at Object.Module._extensions..js (node:internal/modules/cjs/loader:1422:10)
2025-08-20 07:47:44:     at Module.load (node:internal/modules/cjs/loader:1203:32)
2025-08-20 07:47:44:     at Function.Module._load (node:internal/modules/cjs/loader:1019:12)
2025-08-20 07:47:44:     at Module.require (node:internal/modules/cjs/loader:1231:19)
2025-08-20 07:47:44:     at Module.Hook._require.Module.require (/usr/lib/node_modules/pm2/node_modules/require-in-the-middle/index.js:101:39) {
2025-08-20 07:47:44:   code: 'MODULE_NOT_FOUND',
2025-08-20 07:47:44:   requireStack: [
2025-08-20 07:47:44:     '/var/www/zhixiao/src/controllers/AuthController.js',
2025-08-20 07:47:44:     '/var/www/zhixiao/src/routes/auth.js',
2025-08-20 07:47:44:     '/var/www/zhixiao/src/routes/index.js',
2025-08-20 07:47:44:     '/var/www/zhixiao/server.js'
2025-08-20 07:47:44:   ]
2025-08-20 07:47:44: }
2025-08-20 07:49:57: [dotenv@17.2.1] injecting env (13) from .env -- tip: ⚙️  write to custom object with { processEnv: myObject }
2025-08-20 07:49:57: [dotenv@17.2.1] injecting env (0) from .env -- tip: ⚙️  load multiple .env files with { path: ['.env.local', '.env'] }
2025-08-20 07:49:57: [dotenv@17.2.1] injecting env (0) from .env -- tip: 🔐 prevent committing .env to code: https://dotenvx.com/precommit
2025-08-20 07:49:57: Ignoring invalid configuration option passed to Connection: acquireTimeout. This is currently a warning, but in future versions of MySQL2, an error will be thrown if you pass an invalid configuration option to a Connection
2025-08-20 07:49:57: Error: Cannot find module 'express-validator'
2025-08-20 07:49:57: Require stack:
2025-08-20 07:49:57: - /var/www/zhixiao/src/routes/auth.js
2025-08-20 07:49:57: - /var/www/zhixiao/src/routes/index.js
2025-08-20 07:49:57: - /var/www/zhixiao/server.js
2025-08-20 07:49:57:     at Function.Module._resolveFilename (node:internal/modules/cjs/loader:1140:15)
2025-08-20 07:49:57:     at Module.Hook._require.Module.require (/usr/lib/node_modules/pm2/node_modules/require-in-the-middle/index.js:81:25)
2025-08-20 07:49:57:     at require (node:internal/modules/helpers:177:18)
2025-08-20 07:49:57:     at Object.<anonymous> (/var/www/zhixiao/src/routes/auth.js:6:18)
2025-08-20 07:49:57:     at Module._compile (node:internal/modules/cjs/loader:1364:14)
2025-08-20 07:49:57:     at Object.Module._extensions..js (node:internal/modules/cjs/loader:1422:10)
2025-08-20 07:49:57:     at Module.load (node:internal/modules/cjs/loader:1203:32)
2025-08-20 07:49:57:     at Function.Module._load (node:internal/modules/cjs/loader:1019:12)
2025-08-20 07:49:57:     at Module.require (node:internal/modules/cjs/loader:1231:19)
2025-08-20 07:49:57:     at Module.Hook._require.Module.require (/usr/lib/node_modules/pm2/node_modules/require-in-the-middle/index.js:101:39) {
2025-08-20 07:49:57:   code: 'MODULE_NOT_FOUND',
2025-08-20 07:49:57:   requireStack: [
2025-08-20 07:49:57:     '/var/www/zhixiao/src/routes/auth.js',
2025-08-20 07:49:57:     '/var/www/zhixiao/src/routes/index.js',
2025-08-20 07:49:57:     '/var/www/zhixiao/server.js'
2025-08-20 07:49:57:   ]
2025-08-20 07:49:57: }
2025-08-20 07:49:58: [dotenv@17.2.1] injecting env (13) from .env -- tip: 🔐 encrypt with Dotenvx: https://dotenvx.com
2025-08-20 07:49:58: [dotenv@17.2.1] injecting env (0) from .env -- tip: ⚙️  override existing env vars with { override: true }
2025-08-20 07:49:58: [dotenv@17.2.1] injecting env (0) from .env -- tip: 🔐 prevent building .env in docker: https://dotenvx.com/prebuild
2025-08-20 07:49:58: Ignoring invalid configuration option passed to Connection: acquireTimeout. This is currently a warning, but in future versions of MySQL2, an error will be thrown if you pass an invalid configuration option to a Connection
2025-08-20 07:49:59: Error: Cannot find module 'express-validator'
2025-08-20 07:49:59: Require stack:
2025-08-20 07:49:59: - /var/www/zhixiao/src/routes/auth.js
2025-08-20 07:49:59: - /var/www/zhixiao/src/routes/index.js
2025-08-20 07:49:59: - /var/www/zhixiao/server.js
2025-08-20 07:49:59:     at Function.Module._resolveFilename (node:internal/modules/cjs/loader:1140:15)
2025-08-20 07:49:59:     at Module.Hook._require.Module.require (/usr/lib/node_modules/pm2/node_modules/require-in-the-middle/index.js:81:25)
2025-08-20 07:49:59:     at require (node:internal/modules/helpers:177:18)
2025-08-20 07:49:59:     at Object.<anonymous> (/var/www/zhixiao/src/routes/auth.js:6:18)
2025-08-20 07:49:59:     at Module._compile (node:internal/modules/cjs/loader:1364:14)
2025-08-20 07:49:59:     at Object.Module._extensions..js (node:internal/modules/cjs/loader:1422:10)
2025-08-20 07:49:59:     at Module.load (node:internal/modules/cjs/loader:1203:32)
2025-08-20 07:49:59:     at Function.Module._load (node:internal/modules/cjs/loader:1019:12)
2025-08-20 07:49:59:     at Module.require (node:internal/modules/cjs/loader:1231:19)
2025-08-20 07:49:59:     at Module.Hook._require.Module.require (/usr/lib/node_modules/pm2/node_modules/require-in-the-middle/index.js:101:39) {
2025-08-20 07:49:59:   code: 'MODULE_NOT_FOUND',
2025-08-20 07:49:59:   requireStack: [
2025-08-20 07:49:59:     '/var/www/zhixiao/src/routes/auth.js',
2025-08-20 07:49:59:     '/var/www/zhixiao/src/routes/index.js',
2025-08-20 07:49:59:     '/var/www/zhixiao/server.js'
2025-08-20 07:49:59:   ]
2025-08-20 07:49:59: }
2025-08-20 07:50:00: [dotenv@17.2.1] injecting env (13) from .env -- tip: 🛠️  run anywhere with `dotenvx run -- yourcommand`
2025-08-20 07:50:00: [dotenv@17.2.1] injecting env (0) from .env -- tip: 🛠️  run anywhere with `dotenvx run -- yourcommand`
2025-08-20 07:50:00: [dotenv@17.2.1] injecting env (0) from .env -- tip: ⚙️  write to custom object with { processEnv: myObject }
2025-08-20 07:50:00: Ignoring invalid configuration option passed to Connection: acquireTimeout. This is currently a warning, but in future versions of MySQL2, an error will be thrown if you pass an invalid configuration option to a Connection
2025-08-20 07:50:00: Error: Cannot find module 'express-validator'
2025-08-20 07:50:00: Require stack:
2025-08-20 07:50:00: - /var/www/zhixiao/src/routes/auth.js
2025-08-20 07:50:00: - /var/www/zhixiao/src/routes/index.js
2025-08-20 07:50:00: - /var/www/zhixiao/server.js
2025-08-20 07:50:00:     at Function.Module._resolveFilename (node:internal/modules/cjs/loader:1140:15)
2025-08-20 07:50:00:     at Module.Hook._require.Module.require (/usr/lib/node_modules/pm2/node_modules/require-in-the-middle/index.js:81:25)
2025-08-20 07:50:00:     at require (node:internal/modules/helpers:177:18)
2025-08-20 07:50:00:     at Object.<anonymous> (/var/www/zhixiao/src/routes/auth.js:6:18)
2025-08-20 07:50:00:     at Module._compile (node:internal/modules/cjs/loader:1364:14)
2025-08-20 07:50:00:     at Object.Module._extensions..js (node:internal/modules/cjs/loader:1422:10)
2025-08-20 07:50:00:     at Module.load (node:internal/modules/cjs/loader:1203:32)
2025-08-20 07:50:00:     at Function.Module._load (node:internal/modules/cjs/loader:1019:12)
2025-08-20 07:50:00:     at Module.require (node:internal/modules/cjs/loader:1231:19)
2025-08-20 07:50:00:     at Module.Hook._require.Module.require (/usr/lib/node_modules/pm2/node_modules/require-in-the-middle/index.js:101:39) {
2025-08-20 07:50:00:   code: 'MODULE_NOT_FOUND',
2025-08-20 07:50:00:   requireStack: [
2025-08-20 07:50:00:     '/var/www/zhixiao/src/routes/auth.js',
2025-08-20 07:50:00:     '/var/www/zhixiao/src/routes/index.js',
2025-08-20 07:50:00:     '/var/www/zhixiao/server.js'
2025-08-20 07:50:00:   ]
2025-08-20 07:50:00: }
2025-08-20 07:50:01: [dotenv@17.2.1] injecting env (13) from .env -- tip: 🔐 prevent committing .env to code: https://dotenvx.com/precommit
2025-08-20 07:50:01: [dotenv@17.2.1] injecting env (0) from .env -- tip: 🔐 prevent committing .env to code: https://dotenvx.com/precommit
2025-08-20 07:50:01: [dotenv@17.2.1] injecting env (0) from .env -- tip: ⚙️  load multiple .env files with { path: ['.env.local', '.env'] }
2025-08-20 07:50:01: Ignoring invalid configuration option passed to Connection: acquireTimeout. This is currently a warning, but in future versions of MySQL2, an error will be thrown if you pass an invalid configuration option to a Connection
2025-08-20 07:50:02: Error: Cannot find module 'express-validator'
2025-08-20 07:50:02: Require stack:
2025-08-20 07:50:02: - /var/www/zhixiao/src/routes/auth.js
2025-08-20 07:50:02: - /var/www/zhixiao/src/routes/index.js
2025-08-20 07:50:02: - /var/www/zhixiao/server.js
2025-08-20 07:50:02:     at Function.Module._resolveFilename (node:internal/modules/cjs/loader:1140:15)
2025-08-20 07:50:02:     at Module.Hook._require.Module.require (/usr/lib/node_modules/pm2/node_modules/require-in-the-middle/index.js:81:25)
2025-08-20 07:50:02:     at require (node:internal/modules/helpers:177:18)
2025-08-20 07:50:02:     at Object.<anonymous> (/var/www/zhixiao/src/routes/auth.js:6:18)
2025-08-20 07:50:02:     at Module._compile (node:internal/modules/cjs/loader:1364:14)
2025-08-20 07:50:02:     at Object.Module._extensions..js (node:internal/modules/cjs/loader:1422:10)
2025-08-20 07:50:02:     at Module.load (node:internal/modules/cjs/loader:1203:32)
2025-08-20 07:50:02:     at Function.Module._load (node:internal/modules/cjs/loader:1019:12)
2025-08-20 07:50:02:     at Module.require (node:internal/modules/cjs/loader:1231:19)
2025-08-20 07:50:02:     at Module.Hook._require.Module.require (/usr/lib/node_modules/pm2/node_modules/require-in-the-middle/index.js:101:39) {
2025-08-20 07:50:02:   code: 'MODULE_NOT_FOUND',
2025-08-20 07:50:02:   requireStack: [
2025-08-20 07:50:02:     '/var/www/zhixiao/src/routes/auth.js',
2025-08-20 07:50:02:     '/var/www/zhixiao/src/routes/index.js',
2025-08-20 07:50:02:     '/var/www/zhixiao/server.js'
2025-08-20 07:50:02:   ]
2025-08-20 07:50:02: }
2025-08-20 07:50:03: [dotenv@17.2.1] injecting env (13) from .env -- tip: ⚙️  override existing env vars with { override: true }
2025-08-20 07:50:03: [dotenv@17.2.1] injecting env (0) from .env -- tip: 📡 observe env with Radar: https://dotenvx.com/radar
2025-08-20 07:50:03: [dotenv@17.2.1] injecting env (0) from .env -- tip: ⚙️  specify custom .env file path with { path: '/custom/path/.env' }
2025-08-20 07:50:03: Ignoring invalid configuration option passed to Connection: acquireTimeout. This is currently a warning, but in future versions of MySQL2, an error will be thrown if you pass an invalid configuration option to a Connection
2025-08-20 07:50:03: Error: Cannot find module 'express-validator'
2025-08-20 07:50:03: Require stack:
2025-08-20 07:50:03: - /var/www/zhixiao/src/routes/auth.js
2025-08-20 07:50:03: - /var/www/zhixiao/src/routes/index.js
2025-08-20 07:50:03: - /var/www/zhixiao/server.js
2025-08-20 07:50:03:     at Function.Module._resolveFilename (node:internal/modules/cjs/loader:1140:15)
2025-08-20 07:50:03:     at Module.Hook._require.Module.require (/usr/lib/node_modules/pm2/node_modules/require-in-the-middle/index.js:81:25)
2025-08-20 07:50:03:     at require (node:internal/modules/helpers:177:18)
2025-08-20 07:50:03:     at Object.<anonymous> (/var/www/zhixiao/src/routes/auth.js:6:18)
2025-08-20 07:50:03:     at Module._compile (node:internal/modules/cjs/loader:1364:14)
2025-08-20 07:50:03:     at Object.Module._extensions..js (node:internal/modules/cjs/loader:1422:10)
2025-08-20 07:50:03:     at Module.load (node:internal/modules/cjs/loader:1203:32)
2025-08-20 07:50:03:     at Function.Module._load (node:internal/modules/cjs/loader:1019:12)
2025-08-20 07:50:03:     at Module.require (node:internal/modules/cjs/loader:1231:19)
2025-08-20 07:50:03:     at Module.Hook._require.Module.require (/usr/lib/node_modules/pm2/node_modules/require-in-the-middle/index.js:101:39) {
2025-08-20 07:50:03:   code: 'MODULE_NOT_FOUND',
2025-08-20 07:50:03:   requireStack: [
2025-08-20 07:50:03:     '/var/www/zhixiao/src/routes/auth.js',
2025-08-20 07:50:03:     '/var/www/zhixiao/src/routes/index.js',
2025-08-20 07:50:03:     '/var/www/zhixiao/server.js'
2025-08-20 07:50:03:   ]
2025-08-20 07:50:03: }
2025-08-20 07:50:04: [dotenv@17.2.1] injecting env (13) from .env -- tip: ⚙️  suppress all logs with { quiet: true }
2025-08-20 07:50:04: [dotenv@17.2.1] injecting env (0) from .env -- tip: 🔐 encrypt with Dotenvx: https://dotenvx.com
2025-08-20 07:50:04: [dotenv@17.2.1] injecting env (0) from .env -- tip: ⚙️  specify custom .env file path with { path: '/custom/path/.env' }
2025-08-20 07:50:04: Ignoring invalid configuration option passed to Connection: acquireTimeout. This is currently a warning, but in future versions of MySQL2, an error will be thrown if you pass an invalid configuration option to a Connection
2025-08-20 07:50:05: Error: Cannot find module 'express-validator'
2025-08-20 07:50:05: Require stack:
2025-08-20 07:50:05: - /var/www/zhixiao/src/routes/auth.js
2025-08-20 07:50:05: - /var/www/zhixiao/src/routes/index.js
2025-08-20 07:50:05: - /var/www/zhixiao/server.js
2025-08-20 07:50:05:     at Function.Module._resolveFilename (node:internal/modules/cjs/loader:1140:15)
2025-08-20 07:50:05:     at Module.Hook._require.Module.require (/usr/lib/node_modules/pm2/node_modules/require-in-the-middle/index.js:81:25)
2025-08-20 07:50:05:     at require (node:internal/modules/helpers:177:18)
2025-08-20 07:50:05:     at Object.<anonymous> (/var/www/zhixiao/src/routes/auth.js:6:18)
2025-08-20 07:50:05:     at Module._compile (node:internal/modules/cjs/loader:1364:14)
2025-08-20 07:50:05:     at Object.Module._extensions..js (node:internal/modules/cjs/loader:1422:10)
2025-08-20 07:50:05:     at Module.load (node:internal/modules/cjs/loader:1203:32)
2025-08-20 07:50:05:     at Function.Module._load (node:internal/modules/cjs/loader:1019:12)
2025-08-20 07:50:05:     at Module.require (node:internal/modules/cjs/loader:1231:19)
2025-08-20 07:50:05:     at Module.Hook._require.Module.require (/usr/lib/node_modules/pm2/node_modules/require-in-the-middle/index.js:101:39) {
2025-08-20 07:50:05:   code: 'MODULE_NOT_FOUND',
2025-08-20 07:50:05:   requireStack: [
2025-08-20 07:50:05:     '/var/www/zhixiao/src/routes/auth.js',
2025-08-20 07:50:05:     '/var/www/zhixiao/src/routes/index.js',
2025-08-20 07:50:05:     '/var/www/zhixiao/server.js'
2025-08-20 07:50:05:   ]
2025-08-20 07:50:05: }
2025-08-20 07:50:06: [dotenv@17.2.1] injecting env (13) from .env -- tip: 🔐 prevent committing .env to code: https://dotenvx.com/precommit
2025-08-20 07:50:06: [dotenv@17.2.1] injecting env (0) from .env -- tip: 🔐 prevent committing .env to code: https://dotenvx.com/precommit
2025-08-20 07:50:06: [dotenv@17.2.1] injecting env (0) from .env -- tip: ⚙️  suppress all logs with { quiet: true }
2025-08-20 07:50:06: Ignoring invalid configuration option passed to Connection: acquireTimeout. This is currently a warning, but in future versions of MySQL2, an error will be thrown if you pass an invalid configuration option to a Connection
2025-08-20 07:50:06: Error: Cannot find module 'express-validator'
2025-08-20 07:50:06: Require stack:
2025-08-20 07:50:06: - /var/www/zhixiao/src/routes/auth.js
2025-08-20 07:50:06: - /var/www/zhixiao/src/routes/index.js
2025-08-20 07:50:06: - /var/www/zhixiao/server.js
2025-08-20 07:50:06:     at Function.Module._resolveFilename (node:internal/modules/cjs/loader:1140:15)
2025-08-20 07:50:06:     at Module.Hook._require.Module.require (/usr/lib/node_modules/pm2/node_modules/require-in-the-middle/index.js:81:25)
2025-08-20 07:50:06:     at require (node:internal/modules/helpers:177:18)
2025-08-20 07:50:06:     at Object.<anonymous> (/var/www/zhixiao/src/routes/auth.js:6:18)
2025-08-20 07:50:06:     at Module._compile (node:internal/modules/cjs/loader:1364:14)
2025-08-20 07:50:06:     at Object.Module._extensions..js (node:internal/modules/cjs/loader:1422:10)
2025-08-20 07:50:06:     at Module.load (node:internal/modules/cjs/loader:1203:32)
2025-08-20 07:50:06:     at Function.Module._load (node:internal/modules/cjs/loader:1019:12)
2025-08-20 07:50:06:     at Module.require (node:internal/modules/cjs/loader:1231:19)
2025-08-20 07:50:06:     at Module.Hook._require.Module.require (/usr/lib/node_modules/pm2/node_modules/require-in-the-middle/index.js:101:39) {
2025-08-20 07:50:06:   code: 'MODULE_NOT_FOUND',
2025-08-20 07:50:06:   requireStack: [
2025-08-20 07:50:06:     '/var/www/zhixiao/src/routes/auth.js',
2025-08-20 07:50:06:     '/var/www/zhixiao/src/routes/index.js',
2025-08-20 07:50:06:     '/var/www/zhixiao/server.js'
2025-08-20 07:50:06:   ]
2025-08-20 07:50:06: }
2025-08-20 07:50:07: [dotenv@17.2.1] injecting env (13) from .env -- tip: 📡 version env with Radar: https://dotenvx.com/radar
2025-08-20 07:50:07: [dotenv@17.2.1] injecting env (0) from .env -- tip: ⚙️  suppress all logs with { quiet: true }
2025-08-20 07:50:07: [dotenv@17.2.1] injecting env (0) from .env -- tip: 📡 auto-backup env with Radar: https://dotenvx.com/radar
2025-08-20 07:50:07: Ignoring invalid configuration option passed to Connection: acquireTimeout. This is currently a warning, but in future versions of MySQL2, an error will be thrown if you pass an invalid configuration option to a Connection
2025-08-20 07:50:08: Error: Cannot find module 'express-validator'
2025-08-20 07:50:08: Require stack:
2025-08-20 07:50:08: - /var/www/zhixiao/src/routes/auth.js
2025-08-20 07:50:08: - /var/www/zhixiao/src/routes/index.js
2025-08-20 07:50:08: - /var/www/zhixiao/server.js
2025-08-20 07:50:08:     at Function.Module._resolveFilename (node:internal/modules/cjs/loader:1140:15)
2025-08-20 07:50:08:     at Module.Hook._require.Module.require (/usr/lib/node_modules/pm2/node_modules/require-in-the-middle/index.js:81:25)
2025-08-20 07:50:08:     at require (node:internal/modules/helpers:177:18)
2025-08-20 07:50:08:     at Object.<anonymous> (/var/www/zhixiao/src/routes/auth.js:6:18)
2025-08-20 07:50:08:     at Module._compile (node:internal/modules/cjs/loader:1364:14)
2025-08-20 07:50:08:     at Object.Module._extensions..js (node:internal/modules/cjs/loader:1422:10)
2025-08-20 07:50:08:     at Module.load (node:internal/modules/cjs/loader:1203:32)
2025-08-20 07:50:08:     at Function.Module._load (node:internal/modules/cjs/loader:1019:12)
2025-08-20 07:50:08:     at Module.require (node:internal/modules/cjs/loader:1231:19)
2025-08-20 07:50:08:     at Module.Hook._require.Module.require (/usr/lib/node_modules/pm2/node_modules/require-in-the-middle/index.js:101:39) {
2025-08-20 07:50:08:   code: 'MODULE_NOT_FOUND',
2025-08-20 07:50:08:   requireStack: [
2025-08-20 07:50:08:     '/var/www/zhixiao/src/routes/auth.js',
2025-08-20 07:50:08:     '/var/www/zhixiao/src/routes/index.js',
2025-08-20 07:50:08:     '/var/www/zhixiao/server.js'
2025-08-20 07:50:08:   ]
2025-08-20 07:50:08: }
2025-08-20 07:50:09: [dotenv@17.2.1] injecting env (13) from .env -- tip: 🔐 prevent committing .env to code: https://dotenvx.com/precommit
2025-08-20 07:50:09: [dotenv@17.2.1] injecting env (0) from .env -- tip: ⚙️  specify custom .env file path with { path: '/custom/path/.env' }
2025-08-20 07:50:09: [dotenv@17.2.1] injecting env (0) from .env -- tip: ⚙️  specify custom .env file path with { path: '/custom/path/.env' }
2025-08-20 07:50:09: Ignoring invalid configuration option passed to Connection: acquireTimeout. This is currently a warning, but in future versions of MySQL2, an error will be thrown if you pass an invalid configuration option to a Connection
2025-08-20 07:50:09: Error: Cannot find module 'express-validator'
2025-08-20 07:50:09: Require stack:
2025-08-20 07:50:09: - /var/www/zhixiao/src/routes/auth.js
2025-08-20 07:50:09: - /var/www/zhixiao/src/routes/index.js
2025-08-20 07:50:09: - /var/www/zhixiao/server.js
2025-08-20 07:50:09:     at Function.Module._resolveFilename (node:internal/modules/cjs/loader:1140:15)
2025-08-20 07:50:09:     at Module.Hook._require.Module.require (/usr/lib/node_modules/pm2/node_modules/require-in-the-middle/index.js:81:25)
2025-08-20 07:50:09:     at require (node:internal/modules/helpers:177:18)
2025-08-20 07:50:09:     at Object.<anonymous> (/var/www/zhixiao/src/routes/auth.js:6:18)
2025-08-20 07:50:09:     at Module._compile (node:internal/modules/cjs/loader:1364:14)
2025-08-20 07:50:09:     at Object.Module._extensions..js (node:internal/modules/cjs/loader:1422:10)
2025-08-20 07:50:09:     at Module.load (node:internal/modules/cjs/loader:1203:32)
2025-08-20 07:50:09:     at Function.Module._load (node:internal/modules/cjs/loader:1019:12)
2025-08-20 07:50:09:     at Module.require (node:internal/modules/cjs/loader:1231:19)
2025-08-20 07:50:09:     at Module.Hook._require.Module.require (/usr/lib/node_modules/pm2/node_modules/require-in-the-middle/index.js:101:39) {
2025-08-20 07:50:09:   code: 'MODULE_NOT_FOUND',
2025-08-20 07:50:09:   requireStack: [
2025-08-20 07:50:09:     '/var/www/zhixiao/src/routes/auth.js',
2025-08-20 07:50:09:     '/var/www/zhixiao/src/routes/index.js',
2025-08-20 07:50:09:     '/var/www/zhixiao/server.js'
2025-08-20 07:50:09:   ]
2025-08-20 07:50:09: }
2025-08-20 07:50:10: [dotenv@17.2.1] injecting env (13) from .env -- tip: ⚙️  suppress all logs with { quiet: true }
2025-08-20 07:50:10: [dotenv@17.2.1] injecting env (0) from .env -- tip: ⚙️  write to custom object with { processEnv: myObject }
2025-08-20 07:50:10: [dotenv@17.2.1] injecting env (0) from .env -- tip: 📡 observe env with Radar: https://dotenvx.com/radar
2025-08-20 07:50:10: Ignoring invalid configuration option passed to Connection: acquireTimeout. This is currently a warning, but in future versions of MySQL2, an error will be thrown if you pass an invalid configuration option to a Connection
2025-08-20 07:50:11: Error: Cannot find module 'express-validator'
2025-08-20 07:50:11: Require stack:
2025-08-20 07:50:11: - /var/www/zhixiao/src/routes/auth.js
2025-08-20 07:50:11: - /var/www/zhixiao/src/routes/index.js
2025-08-20 07:50:11: - /var/www/zhixiao/server.js
2025-08-20 07:50:11:     at Function.Module._resolveFilename (node:internal/modules/cjs/loader:1140:15)
2025-08-20 07:50:11:     at Module.Hook._require.Module.require (/usr/lib/node_modules/pm2/node_modules/require-in-the-middle/index.js:81:25)
2025-08-20 07:50:11:     at require (node:internal/modules/helpers:177:18)
2025-08-20 07:50:11:     at Object.<anonymous> (/var/www/zhixiao/src/routes/auth.js:6:18)
2025-08-20 07:50:11:     at Module._compile (node:internal/modules/cjs/loader:1364:14)
2025-08-20 07:50:11:     at Object.Module._extensions..js (node:internal/modules/cjs/loader:1422:10)
2025-08-20 07:50:11:     at Module.load (node:internal/modules/cjs/loader:1203:32)
2025-08-20 07:50:11:     at Function.Module._load (node:internal/modules/cjs/loader:1019:12)
2025-08-20 07:50:11:     at Module.require (node:internal/modules/cjs/loader:1231:19)
2025-08-20 07:50:11:     at Module.Hook._require.Module.require (/usr/lib/node_modules/pm2/node_modules/require-in-the-middle/index.js:101:39) {
2025-08-20 07:50:11:   code: 'MODULE_NOT_FOUND',
2025-08-20 07:50:11:   requireStack: [
2025-08-20 07:50:11:     '/var/www/zhixiao/src/routes/auth.js',
2025-08-20 07:50:11:     '/var/www/zhixiao/src/routes/index.js',
2025-08-20 07:50:11:     '/var/www/zhixiao/server.js'
2025-08-20 07:50:11:   ]
2025-08-20 07:50:11: }
2025-08-20 07:52:30: [dotenv@17.2.1] injecting env (13) from .env -- tip: 🔐 encrypt with Dotenvx: https://dotenvx.com
2025-08-20 07:52:30: [dotenv@17.2.1] injecting env (0) from .env -- tip: 📡 auto-backup env with Radar: https://dotenvx.com/radar
2025-08-20 07:52:30: [dotenv@17.2.1] injecting env (0) from .env -- tip: ⚙️  suppress all logs with { quiet: true }
2025-08-20 07:52:30: Ignoring invalid configuration option passed to Connection: acquireTimeout. This is currently a warning, but in future versions of MySQL2, an error will be thrown if you pass an invalid configuration option to a Connection
2025-08-20 07:52:30: TypeError: argument handler must be a function
2025-08-20 07:52:30:     at Route.<computed> [as post] (/var/www/zhixiao/node_modules/router/lib/route.js:228:15)
2025-08-20 07:52:30:     at Function.Router.<computed> [as post] (/var/www/zhixiao/node_modules/router/index.js:448:19)
2025-08-20 07:52:30:     at Object.<anonymous> (/var/www/zhixiao/src/routes/auth.js:75:8)
2025-08-20 07:52:30:     at Module._compile (node:internal/modules/cjs/loader:1364:14)
2025-08-20 07:52:30:     at Object.Module._extensions..js (node:internal/modules/cjs/loader:1422:10)
2025-08-20 07:52:30:     at Module.load (node:internal/modules/cjs/loader:1203:32)
2025-08-20 07:52:30:     at Function.Module._load (node:internal/modules/cjs/loader:1019:12)
2025-08-20 07:52:30:     at Module.require (node:internal/modules/cjs/loader:1231:19)
2025-08-20 07:52:30:     at Module.Hook._require.Module.require (/usr/lib/node_modules/pm2/node_modules/require-in-the-middle/index.js:101:39)
2025-08-20 07:52:30:     at require (node:internal/modules/helpers:177:18)
2025-08-20 07:52:32: [dotenv@17.2.1] injecting env (13) from .env -- tip: ⚙️  write to custom object with { processEnv: myObject }
2025-08-20 07:52:32: [dotenv@17.2.1] injecting env (0) from .env -- tip: ⚙️  override existing env vars with { override: true }
2025-08-20 07:52:32: [dotenv@17.2.1] injecting env (0) from .env -- tip: ⚙️  specify custom .env file path with { path: '/custom/path/.env' }
2025-08-20 07:52:32: Ignoring invalid configuration option passed to Connection: acquireTimeout. This is currently a warning, but in future versions of MySQL2, an error will be thrown if you pass an invalid configuration option to a Connection
2025-08-20 07:52:32: TypeError: argument handler must be a function
2025-08-20 07:52:32:     at Route.<computed> [as post] (/var/www/zhixiao/node_modules/router/lib/route.js:228:15)
2025-08-20 07:52:32:     at Function.Router.<computed> [as post] (/var/www/zhixiao/node_modules/router/index.js:448:19)
2025-08-20 07:52:32:     at Object.<anonymous> (/var/www/zhixiao/src/routes/auth.js:75:8)
2025-08-20 07:52:32:     at Module._compile (node:internal/modules/cjs/loader:1364:14)
2025-08-20 07:52:32:     at Object.Module._extensions..js (node:internal/modules/cjs/loader:1422:10)
2025-08-20 07:52:32:     at Module.load (node:internal/modules/cjs/loader:1203:32)
2025-08-20 07:52:32:     at Function.Module._load (node:internal/modules/cjs/loader:1019:12)
2025-08-20 07:52:32:     at Module.require (node:internal/modules/cjs/loader:1231:19)
2025-08-20 07:52:32:     at Module.Hook._require.Module.require (/usr/lib/node_modules/pm2/node_modules/require-in-the-middle/index.js:101:39)
2025-08-20 07:52:32:     at require (node:internal/modules/helpers:177:18)
2025-08-20 07:52:33: [dotenv@17.2.1] injecting env (13) from .env -- tip: 📡 auto-backup env with Radar: https://dotenvx.com/radar
2025-08-20 07:52:33: [dotenv@17.2.1] injecting env (0) from .env -- tip: 🔐 prevent committing .env to code: https://dotenvx.com/precommit
2025-08-20 07:52:33: [dotenv@17.2.1] injecting env (0) from .env -- tip: ⚙️  override existing env vars with { override: true }
2025-08-20 07:52:33: Ignoring invalid configuration option passed to Connection: acquireTimeout. This is currently a warning, but in future versions of MySQL2, an error will be thrown if you pass an invalid configuration option to a Connection
2025-08-20 07:52:34: TypeError: argument handler must be a function
2025-08-20 07:52:34:     at Route.<computed> [as post] (/var/www/zhixiao/node_modules/router/lib/route.js:228:15)
2025-08-20 07:52:34:     at Function.Router.<computed> [as post] (/var/www/zhixiao/node_modules/router/index.js:448:19)
2025-08-20 07:52:34:     at Object.<anonymous> (/var/www/zhixiao/src/routes/auth.js:75:8)
2025-08-20 07:52:34:     at Module._compile (node:internal/modules/cjs/loader:1364:14)
2025-08-20 07:52:34:     at Object.Module._extensions..js (node:internal/modules/cjs/loader:1422:10)
2025-08-20 07:52:34:     at Module.load (node:internal/modules/cjs/loader:1203:32)
2025-08-20 07:52:34:     at Function.Module._load (node:internal/modules/cjs/loader:1019:12)
2025-08-20 07:52:34:     at Module.require (node:internal/modules/cjs/loader:1231:19)
2025-08-20 07:52:34:     at Module.Hook._require.Module.require (/usr/lib/node_modules/pm2/node_modules/require-in-the-middle/index.js:101:39)
2025-08-20 07:52:34:     at require (node:internal/modules/helpers:177:18)
2025-08-20 07:52:35: [dotenv@17.2.1] injecting env (13) from .env -- tip: ⚙️  suppress all logs with { quiet: true }
2025-08-20 07:52:35: [dotenv@17.2.1] injecting env (0) from .env -- tip: 🛠️  run anywhere with `dotenvx run -- yourcommand`
2025-08-20 07:52:35: [dotenv@17.2.1] injecting env (0) from .env -- tip: 📡 observe env with Radar: https://dotenvx.com/radar
2025-08-20 07:52:35: Ignoring invalid configuration option passed to Connection: acquireTimeout. This is currently a warning, but in future versions of MySQL2, an error will be thrown if you pass an invalid configuration option to a Connection
2025-08-20 07:52:35: TypeError: argument handler must be a function
2025-08-20 07:52:35:     at Route.<computed> [as post] (/var/www/zhixiao/node_modules/router/lib/route.js:228:15)
2025-08-20 07:52:35:     at Function.Router.<computed> [as post] (/var/www/zhixiao/node_modules/router/index.js:448:19)
2025-08-20 07:52:35:     at Object.<anonymous> (/var/www/zhixiao/src/routes/auth.js:75:8)
2025-08-20 07:52:35:     at Module._compile (node:internal/modules/cjs/loader:1364:14)
2025-08-20 07:52:35:     at Object.Module._extensions..js (node:internal/modules/cjs/loader:1422:10)
2025-08-20 07:52:35:     at Module.load (node:internal/modules/cjs/loader:1203:32)
2025-08-20 07:52:35:     at Function.Module._load (node:internal/modules/cjs/loader:1019:12)
2025-08-20 07:52:35:     at Module.require (node:internal/modules/cjs/loader:1231:19)
2025-08-20 07:52:35:     at Module.Hook._require.Module.require (/usr/lib/node_modules/pm2/node_modules/require-in-the-middle/index.js:101:39)
2025-08-20 07:52:35:     at require (node:internal/modules/helpers:177:18)
2025-08-20 07:52:36: [dotenv@17.2.1] injecting env (13) from .env -- tip: 🔐 prevent committing .env to code: https://dotenvx.com/precommit
2025-08-20 07:52:36: [dotenv@17.2.1] injecting env (0) from .env -- tip: ⚙️  enable debug logging with { debug: true }
2025-08-20 07:52:36: [dotenv@17.2.1] injecting env (0) from .env -- tip: 🔐 encrypt with Dotenvx: https://dotenvx.com
2025-08-20 07:52:36: Ignoring invalid configuration option passed to Connection: acquireTimeout. This is currently a warning, but in future versions of MySQL2, an error will be thrown if you pass an invalid configuration option to a Connection
2025-08-20 07:52:37: TypeError: argument handler must be a function
2025-08-20 07:52:37:     at Route.<computed> [as post] (/var/www/zhixiao/node_modules/router/lib/route.js:228:15)
2025-08-20 07:52:37:     at Function.Router.<computed> [as post] (/var/www/zhixiao/node_modules/router/index.js:448:19)
2025-08-20 07:52:37:     at Object.<anonymous> (/var/www/zhixiao/src/routes/auth.js:75:8)
2025-08-20 07:52:37:     at Module._compile (node:internal/modules/cjs/loader:1364:14)
2025-08-20 07:52:37:     at Object.Module._extensions..js (node:internal/modules/cjs/loader:1422:10)
2025-08-20 07:52:37:     at Module.load (node:internal/modules/cjs/loader:1203:32)
2025-08-20 07:52:37:     at Function.Module._load (node:internal/modules/cjs/loader:1019:12)
2025-08-20 07:52:37:     at Module.require (node:internal/modules/cjs/loader:1231:19)
2025-08-20 07:52:37:     at Module.Hook._require.Module.require (/usr/lib/node_modules/pm2/node_modules/require-in-the-middle/index.js:101:39)
2025-08-20 07:52:37:     at require (node:internal/modules/helpers:177:18)
2025-08-20 07:52:38: [dotenv@17.2.1] injecting env (13) from .env -- tip: 🔐 encrypt with Dotenvx: https://dotenvx.com
2025-08-20 07:52:38: [dotenv@17.2.1] injecting env (0) from .env -- tip: 📡 observe env with Radar: https://dotenvx.com/radar
2025-08-20 07:52:38: [dotenv@17.2.1] injecting env (0) from .env -- tip: ⚙️  write to custom object with { processEnv: myObject }
2025-08-20 07:52:38: Ignoring invalid configuration option passed to Connection: acquireTimeout. This is currently a warning, but in future versions of MySQL2, an error will be thrown if you pass an invalid configuration option to a Connection
2025-08-20 07:52:38: TypeError: argument handler must be a function
2025-08-20 07:52:38:     at Route.<computed> [as post] (/var/www/zhixiao/node_modules/router/lib/route.js:228:15)
2025-08-20 07:52:38:     at Function.Router.<computed> [as post] (/var/www/zhixiao/node_modules/router/index.js:448:19)
2025-08-20 07:52:38:     at Object.<anonymous> (/var/www/zhixiao/src/routes/auth.js:75:8)
2025-08-20 07:52:38:     at Module._compile (node:internal/modules/cjs/loader:1364:14)
2025-08-20 07:52:38:     at Object.Module._extensions..js (node:internal/modules/cjs/loader:1422:10)
2025-08-20 07:52:38:     at Module.load (node:internal/modules/cjs/loader:1203:32)
2025-08-20 07:52:38:     at Function.Module._load (node:internal/modules/cjs/loader:1019:12)
2025-08-20 07:52:38:     at Module.require (node:internal/modules/cjs/loader:1231:19)
2025-08-20 07:52:38:     at Module.Hook._require.Module.require (/usr/lib/node_modules/pm2/node_modules/require-in-the-middle/index.js:101:39)
2025-08-20 07:52:38:     at require (node:internal/modules/helpers:177:18)
2025-08-20 07:52:40: [dotenv@17.2.1] injecting env (13) from .env -- tip: ⚙️  suppress all logs with { quiet: true }
2025-08-20 07:52:40: [dotenv@17.2.1] injecting env (0) from .env -- tip: ⚙️  specify custom .env file path with { path: '/custom/path/.env' }
2025-08-20 07:52:40: [dotenv@17.2.1] injecting env (0) from .env -- tip: ⚙️  write to custom object with { processEnv: myObject }
2025-08-20 07:52:40: Ignoring invalid configuration option passed to Connection: acquireTimeout. This is currently a warning, but in future versions of MySQL2, an error will be thrown if you pass an invalid configuration option to a Connection
2025-08-20 07:52:40: TypeError: argument handler must be a function
2025-08-20 07:52:40:     at Route.<computed> [as post] (/var/www/zhixiao/node_modules/router/lib/route.js:228:15)
2025-08-20 07:52:40:     at Function.Router.<computed> [as post] (/var/www/zhixiao/node_modules/router/index.js:448:19)
2025-08-20 07:52:40:     at Object.<anonymous> (/var/www/zhixiao/src/routes/auth.js:75:8)
2025-08-20 07:52:40:     at Module._compile (node:internal/modules/cjs/loader:1364:14)
2025-08-20 07:52:40:     at Object.Module._extensions..js (node:internal/modules/cjs/loader:1422:10)
2025-08-20 07:52:40:     at Module.load (node:internal/modules/cjs/loader:1203:32)
2025-08-20 07:52:40:     at Function.Module._load (node:internal/modules/cjs/loader:1019:12)
2025-08-20 07:52:40:     at Module.require (node:internal/modules/cjs/loader:1231:19)
2025-08-20 07:52:40:     at Module.Hook._require.Module.require (/usr/lib/node_modules/pm2/node_modules/require-in-the-middle/index.js:101:39)
2025-08-20 07:52:40:     at require (node:internal/modules/helpers:177:18)
2025-08-20 07:52:41: [dotenv@17.2.1] injecting env (13) from .env -- tip: 📡 auto-backup env with Radar: https://dotenvx.com/radar
2025-08-20 07:52:41: [dotenv@17.2.1] injecting env (0) from .env -- tip: ⚙️  specify custom .env file path with { path: '/custom/path/.env' }
2025-08-20 07:52:41: [dotenv@17.2.1] injecting env (0) from .env -- tip: 🔐 prevent committing .env to code: https://dotenvx.com/precommit
2025-08-20 07:52:41: Ignoring invalid configuration option passed to Connection: acquireTimeout. This is currently a warning, but in future versions of MySQL2, an error will be thrown if you pass an invalid configuration option to a Connection
2025-08-20 07:52:41: TypeError: argument handler must be a function
2025-08-20 07:52:41:     at Route.<computed> [as post] (/var/www/zhixiao/node_modules/router/lib/route.js:228:15)
2025-08-20 07:52:41:     at Function.Router.<computed> [as post] (/var/www/zhixiao/node_modules/router/index.js:448:19)
2025-08-20 07:52:41:     at Object.<anonymous> (/var/www/zhixiao/src/routes/auth.js:75:8)
2025-08-20 07:52:41:     at Module._compile (node:internal/modules/cjs/loader:1364:14)
2025-08-20 07:52:41:     at Object.Module._extensions..js (node:internal/modules/cjs/loader:1422:10)
2025-08-20 07:52:41:     at Module.load (node:internal/modules/cjs/loader:1203:32)
2025-08-20 07:52:41:     at Function.Module._load (node:internal/modules/cjs/loader:1019:12)
2025-08-20 07:52:41:     at Module.require (node:internal/modules/cjs/loader:1231:19)
2025-08-20 07:52:41:     at Module.Hook._require.Module.require (/usr/lib/node_modules/pm2/node_modules/require-in-the-middle/index.js:101:39)
2025-08-20 07:52:41:     at require (node:internal/modules/helpers:177:18)
2025-08-20 07:52:43: [dotenv@17.2.1] injecting env (13) from .env -- tip: 🔐 prevent committing .env to code: https://dotenvx.com/precommit
2025-08-20 07:52:43: [dotenv@17.2.1] injecting env (0) from .env -- tip: ⚙️  specify custom .env file path with { path: '/custom/path/.env' }
2025-08-20 07:52:43: [dotenv@17.2.1] injecting env (0) from .env -- tip: ⚙️  suppress all logs with { quiet: true }
2025-08-20 07:52:43: Ignoring invalid configuration option passed to Connection: acquireTimeout. This is currently a warning, but in future versions of MySQL2, an error will be thrown if you pass an invalid configuration option to a Connection
2025-08-20 07:52:43: TypeError: argument handler must be a function
2025-08-20 07:52:43:     at Route.<computed> [as post] (/var/www/zhixiao/node_modules/router/lib/route.js:228:15)
2025-08-20 07:52:43:     at Function.Router.<computed> [as post] (/var/www/zhixiao/node_modules/router/index.js:448:19)
2025-08-20 07:52:43:     at Object.<anonymous> (/var/www/zhixiao/src/routes/auth.js:75:8)
2025-08-20 07:52:43:     at Module._compile (node:internal/modules/cjs/loader:1364:14)
2025-08-20 07:52:43:     at Object.Module._extensions..js (node:internal/modules/cjs/loader:1422:10)
2025-08-20 07:52:43:     at Module.load (node:internal/modules/cjs/loader:1203:32)
2025-08-20 07:52:43:     at Function.Module._load (node:internal/modules/cjs/loader:1019:12)
2025-08-20 07:52:43:     at Module.require (node:internal/modules/cjs/loader:1231:19)
2025-08-20 07:52:43:     at Module.Hook._require.Module.require (/usr/lib/node_modules/pm2/node_modules/require-in-the-middle/index.js:101:39)
2025-08-20 07:52:43:     at require (node:internal/modules/helpers:177:18)
2025-08-20 07:52:44: [dotenv@17.2.1] injecting env (13) from .env -- tip: 🔐 prevent building .env in docker: https://dotenvx.com/prebuild
2025-08-20 07:52:44: [dotenv@17.2.1] injecting env (0) from .env -- tip: 📡 auto-backup env with Radar: https://dotenvx.com/radar
2025-08-20 07:52:44: [dotenv@17.2.1] injecting env (0) from .env -- tip: 🛠️  run anywhere with `dotenvx run -- yourcommand`
2025-08-20 07:52:44: Ignoring invalid configuration option passed to Connection: acquireTimeout. This is currently a warning, but in future versions of MySQL2, an error will be thrown if you pass an invalid configuration option to a Connection
2025-08-20 07:52:45: TypeError: argument handler must be a function
2025-08-20 07:52:45:     at Route.<computed> [as post] (/var/www/zhixiao/node_modules/router/lib/route.js:228:15)
2025-08-20 07:52:45:     at Function.Router.<computed> [as post] (/var/www/zhixiao/node_modules/router/index.js:448:19)
2025-08-20 07:52:45:     at Object.<anonymous> (/var/www/zhixiao/src/routes/auth.js:75:8)
2025-08-20 07:52:45:     at Module._compile (node:internal/modules/cjs/loader:1364:14)
2025-08-20 07:52:45:     at Object.Module._extensions..js (node:internal/modules/cjs/loader:1422:10)
2025-08-20 07:52:45:     at Module.load (node:internal/modules/cjs/loader:1203:32)
2025-08-20 07:52:45:     at Function.Module._load (node:internal/modules/cjs/loader:1019:12)
2025-08-20 07:52:45:     at Module.require (node:internal/modules/cjs/loader:1231:19)
2025-08-20 07:52:45:     at Module.Hook._require.Module.require (/usr/lib/node_modules/pm2/node_modules/require-in-the-middle/index.js:101:39)
2025-08-20 07:52:45:     at require (node:internal/modules/helpers:177:18)
2025-08-20 07:55:24: [dotenv@17.2.1] injecting env (13) from .env -- tip: ⚙️  specify custom .env file path with { path: '/custom/path/.env' }
2025-08-20 07:55:24: [dotenv@17.2.1] injecting env (0) from .env -- tip: ⚙️  enable debug logging with { debug: true }
2025-08-20 07:55:24: [dotenv@17.2.1] injecting env (0) from .env -- tip: ⚙️  specify custom .env file path with { path: '/custom/path/.env' }
2025-08-20 07:55:24: Ignoring invalid configuration option passed to Connection: acquireTimeout. This is currently a warning, but in future versions of MySQL2, an error will be thrown if you pass an invalid configuration option to a Connection
2025-08-20 07:55:25: TypeError: argument handler must be a function
2025-08-20 07:55:25:     at Route.<computed> [as post] (/var/www/zhixiao/node_modules/router/lib/route.js:228:15)
2025-08-20 07:55:25:     at Function.Router.<computed> [as post] (/var/www/zhixiao/node_modules/router/index.js:448:19)
2025-08-20 07:55:25:     at Object.<anonymous> (/var/www/zhixiao/src/routes/auth.js:75:8)
2025-08-20 07:55:25:     at Module._compile (node:internal/modules/cjs/loader:1364:14)
2025-08-20 07:55:25:     at Object.Module._extensions..js (node:internal/modules/cjs/loader:1422:10)
2025-08-20 07:55:25:     at Module.load (node:internal/modules/cjs/loader:1203:32)
2025-08-20 07:55:25:     at Function.Module._load (node:internal/modules/cjs/loader:1019:12)
2025-08-20 07:55:25:     at Module.require (node:internal/modules/cjs/loader:1231:19)
2025-08-20 07:55:25:     at Module.Hook._require.Module.require (/usr/lib/node_modules/pm2/node_modules/require-in-the-middle/index.js:101:39)
2025-08-20 07:55:25:     at require (node:internal/modules/helpers:177:18)
2025-08-20 07:55:26: [dotenv@17.2.1] injecting env (13) from .env -- tip: ⚙️  suppress all logs with { quiet: true }
2025-08-20 07:55:26: [dotenv@17.2.1] injecting env (0) from .env -- tip: 📡 observe env with Radar: https://dotenvx.com/radar
2025-08-20 07:55:26: [dotenv@17.2.1] injecting env (0) from .env -- tip: ⚙️  suppress all logs with { quiet: true }
2025-08-20 07:55:26: Ignoring invalid configuration option passed to Connection: acquireTimeout. This is currently a warning, but in future versions of MySQL2, an error will be thrown if you pass an invalid configuration option to a Connection
2025-08-20 07:55:26: TypeError: argument handler must be a function
2025-08-20 07:55:26:     at Route.<computed> [as post] (/var/www/zhixiao/node_modules/router/lib/route.js:228:15)
2025-08-20 07:55:26:     at Function.Router.<computed> [as post] (/var/www/zhixiao/node_modules/router/index.js:448:19)
2025-08-20 07:55:26:     at Object.<anonymous> (/var/www/zhixiao/src/routes/auth.js:75:8)
2025-08-20 07:55:26:     at Module._compile (node:internal/modules/cjs/loader:1364:14)
2025-08-20 07:55:26:     at Object.Module._extensions..js (node:internal/modules/cjs/loader:1422:10)
2025-08-20 07:55:26:     at Module.load (node:internal/modules/cjs/loader:1203:32)
2025-08-20 07:55:26:     at Function.Module._load (node:internal/modules/cjs/loader:1019:12)
2025-08-20 07:55:26:     at Module.require (node:internal/modules/cjs/loader:1231:19)
2025-08-20 07:55:26:     at Module.Hook._require.Module.require (/usr/lib/node_modules/pm2/node_modules/require-in-the-middle/index.js:101:39)
2025-08-20 07:55:26:     at require (node:internal/modules/helpers:177:18)
2025-08-20 07:55:27: [dotenv@17.2.1] injecting env (13) from .env -- tip: ⚙️  enable debug logging with { debug: true }
2025-08-20 07:55:27: [dotenv@17.2.1] injecting env (0) from .env -- tip: 📡 observe env with Radar: https://dotenvx.com/radar
2025-08-20 07:55:27: [dotenv@17.2.1] injecting env (0) from .env -- tip: 📡 auto-backup env with Radar: https://dotenvx.com/radar
2025-08-20 07:55:27: Ignoring invalid configuration option passed to Connection: acquireTimeout. This is currently a warning, but in future versions of MySQL2, an error will be thrown if you pass an invalid configuration option to a Connection
2025-08-20 07:55:28: TypeError: argument handler must be a function
2025-08-20 07:55:28:     at Route.<computed> [as post] (/var/www/zhixiao/node_modules/router/lib/route.js:228:15)
2025-08-20 07:55:28:     at Function.Router.<computed> [as post] (/var/www/zhixiao/node_modules/router/index.js:448:19)
2025-08-20 07:55:28:     at Object.<anonymous> (/var/www/zhixiao/src/routes/auth.js:75:8)
2025-08-20 07:55:28:     at Module._compile (node:internal/modules/cjs/loader:1364:14)
2025-08-20 07:55:28:     at Object.Module._extensions..js (node:internal/modules/cjs/loader:1422:10)
2025-08-20 07:55:28:     at Module.load (node:internal/modules/cjs/loader:1203:32)
2025-08-20 07:55:28:     at Function.Module._load (node:internal/modules/cjs/loader:1019:12)
2025-08-20 07:55:28:     at Module.require (node:internal/modules/cjs/loader:1231:19)
2025-08-20 07:55:28:     at Module.Hook._require.Module.require (/usr/lib/node_modules/pm2/node_modules/require-in-the-middle/index.js:101:39)
2025-08-20 07:55:28:     at require (node:internal/modules/helpers:177:18)
2025-08-20 07:55:29: [dotenv@17.2.1] injecting env (13) from .env -- tip: 🛠️  run anywhere with `dotenvx run -- yourcommand`
2025-08-20 07:55:29: [dotenv@17.2.1] injecting env (0) from .env -- tip: 🔐 encrypt with Dotenvx: https://dotenvx.com
2025-08-20 07:55:29: [dotenv@17.2.1] injecting env (0) from .env -- tip: 📡 observe env with Radar: https://dotenvx.com/radar
2025-08-20 07:55:29: Ignoring invalid configuration option passed to Connection: acquireTimeout. This is currently a warning, but in future versions of MySQL2, an error will be thrown if you pass an invalid configuration option to a Connection
2025-08-20 07:55:29: TypeError: argument handler must be a function
2025-08-20 07:55:29:     at Route.<computed> [as post] (/var/www/zhixiao/node_modules/router/lib/route.js:228:15)
2025-08-20 07:55:29:     at Function.Router.<computed> [as post] (/var/www/zhixiao/node_modules/router/index.js:448:19)
2025-08-20 07:55:29:     at Object.<anonymous> (/var/www/zhixiao/src/routes/auth.js:75:8)
2025-08-20 07:55:29:     at Module._compile (node:internal/modules/cjs/loader:1364:14)
2025-08-20 07:55:29:     at Object.Module._extensions..js (node:internal/modules/cjs/loader:1422:10)
2025-08-20 07:55:29:     at Module.load (node:internal/modules/cjs/loader:1203:32)
2025-08-20 07:55:29:     at Function.Module._load (node:internal/modules/cjs/loader:1019:12)
2025-08-20 07:55:29:     at Module.require (node:internal/modules/cjs/loader:1231:19)
2025-08-20 07:55:29:     at Module.Hook._require.Module.require (/usr/lib/node_modules/pm2/node_modules/require-in-the-middle/index.js:101:39)
2025-08-20 07:55:29:     at require (node:internal/modules/helpers:177:18)
2025-08-20 07:55:31: [dotenv@17.2.1] injecting env (13) from .env -- tip: 🛠️  run anywhere with `dotenvx run -- yourcommand`
2025-08-20 07:55:31: [dotenv@17.2.1] injecting env (0) from .env -- tip: 📡 auto-backup env with Radar: https://dotenvx.com/radar
2025-08-20 07:55:31: [dotenv@17.2.1] injecting env (0) from .env -- tip: 🔐 prevent committing .env to code: https://dotenvx.com/precommit
2025-08-20 07:55:31: Ignoring invalid configuration option passed to Connection: acquireTimeout. This is currently a warning, but in future versions of MySQL2, an error will be thrown if you pass an invalid configuration option to a Connection
2025-08-20 07:55:31: TypeError: argument handler must be a function
2025-08-20 07:55:31:     at Route.<computed> [as post] (/var/www/zhixiao/node_modules/router/lib/route.js:228:15)
2025-08-20 07:55:31:     at Function.Router.<computed> [as post] (/var/www/zhixiao/node_modules/router/index.js:448:19)
2025-08-20 07:55:31:     at Object.<anonymous> (/var/www/zhixiao/src/routes/auth.js:75:8)
2025-08-20 07:55:31:     at Module._compile (node:internal/modules/cjs/loader:1364:14)
2025-08-20 07:55:31:     at Object.Module._extensions..js (node:internal/modules/cjs/loader:1422:10)
2025-08-20 07:55:31:     at Module.load (node:internal/modules/cjs/loader:1203:32)
2025-08-20 07:55:31:     at Function.Module._load (node:internal/modules/cjs/loader:1019:12)
2025-08-20 07:55:31:     at Module.require (node:internal/modules/cjs/loader:1231:19)
2025-08-20 07:55:31:     at Module.Hook._require.Module.require (/usr/lib/node_modules/pm2/node_modules/require-in-the-middle/index.js:101:39)
2025-08-20 07:55:31:     at require (node:internal/modules/helpers:177:18)
2025-08-20 07:55:32: [dotenv@17.2.1] injecting env (13) from .env -- tip: ⚙️  suppress all logs with { quiet: true }
2025-08-20 07:55:32: [dotenv@17.2.1] injecting env (0) from .env -- tip: 🔐 prevent committing .env to code: https://dotenvx.com/precommit
2025-08-20 07:55:32: [dotenv@17.2.1] injecting env (0) from .env -- tip: ⚙️  enable debug logging with { debug: true }
2025-08-20 07:55:32: Ignoring invalid configuration option passed to Connection: acquireTimeout. This is currently a warning, but in future versions of MySQL2, an error will be thrown if you pass an invalid configuration option to a Connection
2025-08-20 07:55:32: TypeError: argument handler must be a function
2025-08-20 07:55:32:     at Route.<computed> [as post] (/var/www/zhixiao/node_modules/router/lib/route.js:228:15)
2025-08-20 07:55:32:     at Function.Router.<computed> [as post] (/var/www/zhixiao/node_modules/router/index.js:448:19)
2025-08-20 07:55:32:     at Object.<anonymous> (/var/www/zhixiao/src/routes/auth.js:75:8)
2025-08-20 07:55:32:     at Module._compile (node:internal/modules/cjs/loader:1364:14)
2025-08-20 07:55:32:     at Object.Module._extensions..js (node:internal/modules/cjs/loader:1422:10)
2025-08-20 07:55:32:     at Module.load (node:internal/modules/cjs/loader:1203:32)
2025-08-20 07:55:32:     at Function.Module._load (node:internal/modules/cjs/loader:1019:12)
2025-08-20 07:55:32:     at Module.require (node:internal/modules/cjs/loader:1231:19)
2025-08-20 07:55:32:     at Module.Hook._require.Module.require (/usr/lib/node_modules/pm2/node_modules/require-in-the-middle/index.js:101:39)
2025-08-20 07:55:32:     at require (node:internal/modules/helpers:177:18)
2025-08-20 07:55:34: [dotenv@17.2.1] injecting env (13) from .env -- tip: ⚙️  override existing env vars with { override: true }
2025-08-20 07:55:34: [dotenv@17.2.1] injecting env (0) from .env -- tip: ⚙️  write to custom object with { processEnv: myObject }
2025-08-20 07:55:34: [dotenv@17.2.1] injecting env (0) from .env -- tip: 🔐 prevent building .env in docker: https://dotenvx.com/prebuild
2025-08-20 07:55:34: Ignoring invalid configuration option passed to Connection: acquireTimeout. This is currently a warning, but in future versions of MySQL2, an error will be thrown if you pass an invalid configuration option to a Connection
2025-08-20 07:55:34: TypeError: argument handler must be a function
2025-08-20 07:55:34:     at Route.<computed> [as post] (/var/www/zhixiao/node_modules/router/lib/route.js:228:15)
2025-08-20 07:55:34:     at Function.Router.<computed> [as post] (/var/www/zhixiao/node_modules/router/index.js:448:19)
2025-08-20 07:55:34:     at Object.<anonymous> (/var/www/zhixiao/src/routes/auth.js:75:8)
2025-08-20 07:55:34:     at Module._compile (node:internal/modules/cjs/loader:1364:14)
2025-08-20 07:55:34:     at Object.Module._extensions..js (node:internal/modules/cjs/loader:1422:10)
2025-08-20 07:55:34:     at Module.load (node:internal/modules/cjs/loader:1203:32)
2025-08-20 07:55:34:     at Function.Module._load (node:internal/modules/cjs/loader:1019:12)
2025-08-20 07:55:34:     at Module.require (node:internal/modules/cjs/loader:1231:19)
2025-08-20 07:55:34:     at Module.Hook._require.Module.require (/usr/lib/node_modules/pm2/node_modules/require-in-the-middle/index.js:101:39)
2025-08-20 07:55:34:     at require (node:internal/modules/helpers:177:18)
2025-08-20 07:55:35: [dotenv@17.2.1] injecting env (13) from .env -- tip: ⚙️  write to custom object with { processEnv: myObject }
2025-08-20 07:55:35: [dotenv@17.2.1] injecting env (0) from .env -- tip: 🔐 prevent building .env in docker: https://dotenvx.com/prebuild
2025-08-20 07:55:35: [dotenv@17.2.1] injecting env (0) from .env -- tip: 📡 version env with Radar: https://dotenvx.com/radar
2025-08-20 07:55:35: Ignoring invalid configuration option passed to Connection: acquireTimeout. This is currently a warning, but in future versions of MySQL2, an error will be thrown if you pass an invalid configuration option to a Connection
2025-08-20 07:55:36: TypeError: argument handler must be a function
2025-08-20 07:55:36:     at Route.<computed> [as post] (/var/www/zhixiao/node_modules/router/lib/route.js:228:15)
2025-08-20 07:55:36:     at Function.Router.<computed> [as post] (/var/www/zhixiao/node_modules/router/index.js:448:19)
2025-08-20 07:55:36:     at Object.<anonymous> (/var/www/zhixiao/src/routes/auth.js:75:8)
2025-08-20 07:55:36:     at Module._compile (node:internal/modules/cjs/loader:1364:14)
2025-08-20 07:55:36:     at Object.Module._extensions..js (node:internal/modules/cjs/loader:1422:10)
2025-08-20 07:55:36:     at Module.load (node:internal/modules/cjs/loader:1203:32)
2025-08-20 07:55:36:     at Function.Module._load (node:internal/modules/cjs/loader:1019:12)
2025-08-20 07:55:36:     at Module.require (node:internal/modules/cjs/loader:1231:19)
2025-08-20 07:55:36:     at Module.Hook._require.Module.require (/usr/lib/node_modules/pm2/node_modules/require-in-the-middle/index.js:101:39)
2025-08-20 07:55:36:     at require (node:internal/modules/helpers:177:18)
2025-08-20 07:55:37: [dotenv@17.2.1] injecting env (13) from .env -- tip: 🛠️  run anywhere with `dotenvx run -- yourcommand`
2025-08-20 07:55:37: [dotenv@17.2.1] injecting env (0) from .env -- tip: ⚙️  specify custom .env file path with { path: '/custom/path/.env' }
2025-08-20 07:55:37: [dotenv@17.2.1] injecting env (0) from .env -- tip: ⚙️  suppress all logs with { quiet: true }
2025-08-20 07:55:37: Ignoring invalid configuration option passed to Connection: acquireTimeout. This is currently a warning, but in future versions of MySQL2, an error will be thrown if you pass an invalid configuration option to a Connection
2025-08-20 07:55:37: TypeError: argument handler must be a function
2025-08-20 07:55:37:     at Route.<computed> [as post] (/var/www/zhixiao/node_modules/router/lib/route.js:228:15)
2025-08-20 07:55:37:     at Function.Router.<computed> [as post] (/var/www/zhixiao/node_modules/router/index.js:448:19)
2025-08-20 07:55:37:     at Object.<anonymous> (/var/www/zhixiao/src/routes/auth.js:75:8)
2025-08-20 07:55:37:     at Module._compile (node:internal/modules/cjs/loader:1364:14)
2025-08-20 07:55:37:     at Object.Module._extensions..js (node:internal/modules/cjs/loader:1422:10)
2025-08-20 07:55:37:     at Module.load (node:internal/modules/cjs/loader:1203:32)
2025-08-20 07:55:37:     at Function.Module._load (node:internal/modules/cjs/loader:1019:12)
2025-08-20 07:55:37:     at Module.require (node:internal/modules/cjs/loader:1231:19)
2025-08-20 07:55:37:     at Module.Hook._require.Module.require (/usr/lib/node_modules/pm2/node_modules/require-in-the-middle/index.js:101:39)
2025-08-20 07:55:37:     at require (node:internal/modules/helpers:177:18)
2025-08-20 07:55:38: [dotenv@17.2.1] injecting env (13) from .env -- tip: 🛠️  run anywhere with `dotenvx run -- yourcommand`
2025-08-20 07:55:38: [dotenv@17.2.1] injecting env (0) from .env -- tip: 📡 version env with Radar: https://dotenvx.com/radar
2025-08-20 07:55:39: [dotenv@17.2.1] injecting env (0) from .env -- tip: 🔐 encrypt with Dotenvx: https://dotenvx.com
2025-08-20 07:55:39: Ignoring invalid configuration option passed to Connection: acquireTimeout. This is currently a warning, but in future versions of MySQL2, an error will be thrown if you pass an invalid configuration option to a Connection
2025-08-20 07:55:39: TypeError: argument handler must be a function
2025-08-20 07:55:39:     at Route.<computed> [as post] (/var/www/zhixiao/node_modules/router/lib/route.js:228:15)
2025-08-20 07:55:39:     at Function.Router.<computed> [as post] (/var/www/zhixiao/node_modules/router/index.js:448:19)
2025-08-20 07:55:39:     at Object.<anonymous> (/var/www/zhixiao/src/routes/auth.js:75:8)
2025-08-20 07:55:39:     at Module._compile (node:internal/modules/cjs/loader:1364:14)
2025-08-20 07:55:39:     at Object.Module._extensions..js (node:internal/modules/cjs/loader:1422:10)
2025-08-20 07:55:39:     at Module.load (node:internal/modules/cjs/loader:1203:32)
2025-08-20 07:55:39:     at Function.Module._load (node:internal/modules/cjs/loader:1019:12)
2025-08-20 07:55:39:     at Module.require (node:internal/modules/cjs/loader:1231:19)
2025-08-20 07:55:39:     at Module.Hook._require.Module.require (/usr/lib/node_modules/pm2/node_modules/require-in-the-middle/index.js:101:39)
2025-08-20 07:55:39:     at require (node:internal/modules/helpers:177:18)
2025-08-20 07:57:47: [dotenv@17.2.1] injecting env (13) from .env -- tip: 🛠️  run anywhere with `dotenvx run -- yourcommand`
2025-08-20 07:57:47: [dotenv@17.2.1] injecting env (0) from .env -- tip: ⚙️  override existing env vars with { override: true }
2025-08-20 07:57:47: [dotenv@17.2.1] injecting env (0) from .env -- tip: 🔐 encrypt with Dotenvx: https://dotenvx.com
2025-08-20 07:57:47: Ignoring invalid configuration option passed to Connection: acquireTimeout. This is currently a warning, but in future versions of MySQL2, an error will be thrown if you pass an invalid configuration option to a Connection
2025-08-20 07:57:47: 🚀 服务器启动成功！
2025-08-20 07:57:47: 📍 端口: 3000
2025-08-20 07:57:47: 🌍 环境: development
2025-08-20 07:57:47: 📖 API文档: http://localhost:3000/api
2025-08-20 07:57:47: 💊 健康检查: http://localhost:3000/health
2025-08-20 07:57:47: ✅ 数据库连接成功
2025-08-20 07:58:55: [0mGET /health [32m200[0m 3.021 ms - 104[0m
2025-08-20 07:59:16: [0mGET /health [32m200[0m 0.508 ms - 104[0m
2025-08-20 07:59:24: [0mGET / [32m200[0m 0.709 ms - 170[0m
2025-08-20 07:59:31: [0mGET / [32m200[0m 0.581 ms - 170[0m
2025-08-20 07:59:38: [0mGET /api/admin/users [33m401[0m 1.563 ms - 51[0m
2025-08-20 07:59:45: 数据库查询错误: Error: Unknown column 'u.status' in 'where clause'
2025-08-20 07:59:45:     at PromisePool.execute (/var/www/zhixiao/node_modules/mysql2/lib/promise/pool.js:54:22)
2025-08-20 07:59:45:     at query (/var/www/zhixiao/src/config/database.js:37:34)
2025-08-20 07:59:45:     at /var/www/zhixiao/src/controllers/AuthController.js:29:27
2025-08-20 07:59:45:     at /var/www/zhixiao/src/middleware/errorHandler.js:81:21
2025-08-20 07:59:45:     at Layer.handleRequest (/var/www/zhixiao/node_modules/router/lib/layer.js:152:17)
2025-08-20 07:59:45:     at next (/var/www/zhixiao/node_modules/router/lib/route.js:157:13)
2025-08-20 07:59:45:     at validateRequest (/var/www/zhixiao/src/middleware/validation.js:105:3)
2025-08-20 07:59:45:     at Layer.handleRequest (/var/www/zhixiao/node_modules/router/lib/layer.js:152:17)
2025-08-20 07:59:45:     at next (/var/www/zhixiao/node_modules/router/lib/route.js:157:13)
2025-08-20 07:59:45:     at middleware (/var/www/zhixiao/node_modules/express-validator/lib/middlewares/check.js:16:13) {
2025-08-20 07:59:45:   code: 'ER_BAD_FIELD_ERROR',
2025-08-20 07:59:45:   errno: 1054,
2025-08-20 07:59:45:   sql: '\n' +
2025-08-20 07:59:45:     '        SELECT u.*, un.name as unit_name \n' +
2025-08-20 07:59:45:     '        FROM users u \n' +
2025-08-20 07:59:45:     '        LEFT JOIN units un ON u.unit_id = un.id \n' +
2025-08-20 07:59:45:     "        WHERE u.student_id = ? AND u.status = 'active'\n" +
2025-08-20 07:59:45:     '      ',
2025-08-20 07:59:45:   sqlState: '42S22',
2025-08-20 07:59:45:   sqlMessage: "Unknown column 'u.status' in 'where clause'"
2025-08-20 07:59:45: }
2025-08-20 07:59:45: Login error: Error: Unknown column 'u.status' in 'where clause'
2025-08-20 07:59:45:     at PromisePool.execute (/var/www/zhixiao/node_modules/mysql2/lib/promise/pool.js:54:22)
2025-08-20 07:59:45:     at query (/var/www/zhixiao/src/config/database.js:37:34)
2025-08-20 07:59:45:     at /var/www/zhixiao/src/controllers/AuthController.js:29:27
2025-08-20 07:59:45:     at /var/www/zhixiao/src/middleware/errorHandler.js:81:21
2025-08-20 07:59:45:     at Layer.handleRequest (/var/www/zhixiao/node_modules/router/lib/layer.js:152:17)
2025-08-20 07:59:45:     at next (/var/www/zhixiao/node_modules/router/lib/route.js:157:13)
2025-08-20 07:59:45:     at validateRequest (/var/www/zhixiao/src/middleware/validation.js:105:3)
2025-08-20 07:59:45:     at Layer.handleRequest (/var/www/zhixiao/node_modules/router/lib/layer.js:152:17)
2025-08-20 07:59:45:     at next (/var/www/zhixiao/node_modules/router/lib/route.js:157:13)
2025-08-20 07:59:45:     at middleware (/var/www/zhixiao/node_modules/express-validator/lib/middlewares/check.js:16:13) {
2025-08-20 07:59:45:   code: 'ER_BAD_FIELD_ERROR',
2025-08-20 07:59:45:   errno: 1054,
2025-08-20 07:59:45:   sql: '\n' +
2025-08-20 07:59:45:     '        SELECT u.*, un.name as unit_name \n' +
2025-08-20 07:59:45:     '        FROM users u \n' +
2025-08-20 07:59:45:     '        LEFT JOIN units un ON u.unit_id = un.id \n' +
2025-08-20 07:59:45:     "        WHERE u.student_id = ? AND u.status = 'active'\n" +
2025-08-20 07:59:45:     '      ',
2025-08-20 07:59:45:   sqlState: '42S22',
2025-08-20 07:59:45:   sqlMessage: "Unknown column 'u.status' in 'where clause'"
2025-08-20 07:59:45: }
2025-08-20 07:59:45: [0mPOST /api/auth/login [31m500[0m 14.262 ms - 60[0m
2025-08-20 08:03:09: [0mPOST /api/auth/login [33m401[0m 6.915 ms - 51[0m
2025-08-20 08:04:19: [0mPOST /api/auth/login [33m401[0m 65.418 ms - 51[0m
2025-08-20 08:04:55: [0mPOST /api/auth/login [32m200[0m 78.846 ms - 550[0m
2025-08-20 08:05:39: [0mGET /api/admin/users?page=1&limit=5 [32m200[0m 8.981 ms - 1081[0m
2025-08-20 08:05:48: [0mGET /api/admin/users?page=1&limit=5 [32m200[0m 4.595 ms - 1081[0m
2025-08-20 08:06:00: [0mGET /api/admin/users/stats [33m404[0m 1.016 ms - 73[0m
2025-08-20 08:06:10: [0mGET /api/study/records?page=1&limit=5 [33m404[0m 0.875 ms - 84[0m
2025-08-20 08:06:28: [0mGET /api [32m200[0m 0.610 ms - 274[0m
2025-08-20 08:06:42: 数据库查询错误: Error: Bind parameters must not contain undefined. To pass SQL NULL specify JS null
2025-08-20 08:06:42:     at PromisePool.execute (/var/www/zhixiao/node_modules/mysql2/lib/promise/pool.js:54:22)
2025-08-20 08:06:42:     at query (/var/www/zhixiao/src/config/database.js:37:34)
2025-08-20 08:06:42:     at Function.getUserHistory (/var/www/zhixiao/src/models/StudyRecord.js:39:29)
2025-08-20 08:06:42:     at /var/www/zhixiao/src/controllers/StudyController.js:30:38
2025-08-20 08:06:42:     at /var/www/zhixiao/src/middleware/errorHandler.js:81:21
2025-08-20 08:06:42:     at Layer.handleRequest (/var/www/zhixiao/node_modules/router/lib/layer.js:152:17)
2025-08-20 08:06:42:     at next (/var/www/zhixiao/node_modules/router/lib/route.js:157:13)
2025-08-20 08:06:42:     at auth (/var/www/zhixiao/src/middleware/auth.js:18:5)
2025-08-20 08:06:42:     at Layer.handleRequest (/var/www/zhixiao/node_modules/router/lib/layer.js:152:17)
2025-08-20 08:06:42:     at next (/var/www/zhixiao/node_modules/router/lib/route.js:157:13) {
2025-08-20 08:06:42:   code: undefined,
2025-08-20 08:06:42:   errno: undefined,
2025-08-20 08:06:42:   sql: undefined,
2025-08-20 08:06:42:   sqlState: undefined,
2025-08-20 08:06:42:   sqlMessage: undefined
2025-08-20 08:06:42: }
2025-08-20 08:06:42: StudyRecord.getUserHistory error: Error: Bind parameters must not contain undefined. To pass SQL NULL specify JS null
2025-08-20 08:06:42:     at PromisePool.execute (/var/www/zhixiao/node_modules/mysql2/lib/promise/pool.js:54:22)
2025-08-20 08:06:42:     at query (/var/www/zhixiao/src/config/database.js:37:34)
2025-08-20 08:06:42:     at Function.getUserHistory (/var/www/zhixiao/src/models/StudyRecord.js:39:29)
2025-08-20 08:06:42:     at /var/www/zhixiao/src/controllers/StudyController.js:30:38
2025-08-20 08:06:42:     at /var/www/zhixiao/src/middleware/errorHandler.js:81:21
2025-08-20 08:06:42:     at Layer.handleRequest (/var/www/zhixiao/node_modules/router/lib/layer.js:152:17)
2025-08-20 08:06:42:     at next (/var/www/zhixiao/node_modules/router/lib/route.js:157:13)
2025-08-20 08:06:42:     at auth (/var/www/zhixiao/src/middleware/auth.js:18:5)
2025-08-20 08:06:42:     at Layer.handleRequest (/var/www/zhixiao/node_modules/router/lib/layer.js:152:17)
2025-08-20 08:06:42:     at next (/var/www/zhixiao/node_modules/router/lib/route.js:157:13) {
2025-08-20 08:06:42:   code: undefined,
2025-08-20 08:06:42:   errno: undefined,
2025-08-20 08:06:42:   sql: undefined,
2025-08-20 08:06:42:   sqlState: undefined,
2025-08-20 08:06:42:   sqlMessage: undefined
2025-08-20 08:06:42: }
2025-08-20 08:06:42: [0mGET /api/study/history [32m200[0m 3.720 ms - 83[0m
2025-08-20 08:10:49: [0mGET /health [32m200[0m 0.416 ms - 105[0m
2025-08-20 08:10:56: [0mGET /health [32m200[0m 0.343 ms - 105[0m
2025-08-20 08:11:04: [0mGET / [32m200[0m 0.345 ms - 170[0m
2025-08-20 08:11:10: [0mGET /api [32m200[0m 0.581 ms - 274[0m
2025-08-20 08:11:17: [0mPOST /api/auth/login [32m200[0m 74.572 ms - 550[0m
2025-08-20 08:11:24: [0mPOST /api/auth/login [33m429[0m 1.112 ms - 83[0m
2025-08-20 08:11:30: [0mPOST /api/auth/login [33m429[0m 0.728 ms - 83[0m
2025-08-20 08:11:38: [0mPOST /api/auth/login [33m429[0m 0.812 ms - 83[0m
2025-08-20 08:11:53: [0mGET /api/admin/users?page=1&limit=3 [32m200[0m 5.528 ms - 674[0m
2025-08-20 08:12:08: [0mGET /api/admin/users/1 [33m404[0m 0.784 ms - 69[0m
2025-08-20 08:12:15: [0mPOST /api/admin/users [33m400[0m 4.770 ms - 142[0m
2025-08-20 08:12:37: [0mPOST /api/admin/users [32m201[0m 79.933 ms - 69[0m
2025-08-20 08:12:46: 数据库查询错误: Error: Bind parameters must not contain undefined. To pass SQL NULL specify JS null
2025-08-20 08:12:46:     at PromisePool.execute (/var/www/zhixiao/node_modules/mysql2/lib/promise/pool.js:54:22)
2025-08-20 08:12:46:     at query (/var/www/zhixiao/src/config/database.js:37:34)
2025-08-20 08:12:46:     at Function.getUserHistory (/var/www/zhixiao/src/models/StudyRecord.js:39:29)
2025-08-20 08:12:46:     at /var/www/zhixiao/src/controllers/StudyController.js:30:38
2025-08-20 08:12:46:     at /var/www/zhixiao/src/middleware/errorHandler.js:81:21
2025-08-20 08:12:46:     at Layer.handleRequest (/var/www/zhixiao/node_modules/router/lib/layer.js:152:17)
2025-08-20 08:12:46:     at next (/var/www/zhixiao/node_modules/router/lib/route.js:157:13)
2025-08-20 08:12:46:     at auth (/var/www/zhixiao/src/middleware/auth.js:18:5)
2025-08-20 08:12:46:     at Layer.handleRequest (/var/www/zhixiao/node_modules/router/lib/layer.js:152:17)
2025-08-20 08:12:46:     at next (/var/www/zhixiao/node_modules/router/lib/route.js:157:13) {
2025-08-20 08:12:46:   code: undefined,
2025-08-20 08:12:46:   errno: undefined,
2025-08-20 08:12:46:   sql: undefined,
2025-08-20 08:12:46:   sqlState: undefined,
2025-08-20 08:12:46:   sqlMessage: undefined
2025-08-20 08:12:46: }
2025-08-20 08:12:46: StudyRecord.getUserHistory error: Error: Bind parameters must not contain undefined. To pass SQL NULL specify JS null
2025-08-20 08:12:46:     at PromisePool.execute (/var/www/zhixiao/node_modules/mysql2/lib/promise/pool.js:54:22)
2025-08-20 08:12:46:     at query (/var/www/zhixiao/src/config/database.js:37:34)
2025-08-20 08:12:46:     at Function.getUserHistory (/var/www/zhixiao/src/models/StudyRecord.js:39:29)
2025-08-20 08:12:46:     at /var/www/zhixiao/src/controllers/StudyController.js:30:38
2025-08-20 08:12:46:     at /var/www/zhixiao/src/middleware/errorHandler.js:81:21
2025-08-20 08:12:46:     at Layer.handleRequest (/var/www/zhixiao/node_modules/router/lib/layer.js:152:17)
2025-08-20 08:12:46:     at next (/var/www/zhixiao/node_modules/router/lib/route.js:157:13)
2025-08-20 08:12:46:     at auth (/var/www/zhixiao/src/middleware/auth.js:18:5)
2025-08-20 08:12:46:     at Layer.handleRequest (/var/www/zhixiao/node_modules/router/lib/layer.js:152:17)
2025-08-20 08:12:46:     at next (/var/www/zhixiao/node_modules/router/lib/route.js:157:13) {
2025-08-20 08:12:46:   code: undefined,
2025-08-20 08:12:46:   errno: undefined,
2025-08-20 08:12:46:   sql: undefined,
2025-08-20 08:12:46:   sqlState: undefined,
2025-08-20 08:12:46:   sqlMessage: undefined
2025-08-20 08:12:46: }
2025-08-20 08:12:46: [0mGET /api/study/history?page=1&limit=5 [32m200[0m 2.641 ms - 83[0m
2025-08-20 08:12:54: [0mPOST /api/study/submit [33m400[0m 3.054 ms - 93[0m
2025-08-20 08:13:04: [0mGET /api/study/team-stats [33m404[0m 1.212 ms - 72[0m
2025-08-20 08:13:11: [0mGET /api/users/profile [32m200[0m 1.876 ms - 522[0m
2025-08-20 08:13:28: [0mGET /api/users/profile [32m200[0m 2.426 ms - 522[0m
2025-08-20 08:13:36: [0mGET /api/admin/users [33m401[0m 0.437 ms - 51[0m
2025-08-20 08:13:46: [0mGET /api/admin/users [33m401[0m 0.429 ms - 51[0m
2025-08-20 08:13:53: Admin auth middleware error: JsonWebTokenError: jwt malformed
2025-08-20 08:13:53:     at Object.module.exports [as verify] (/var/www/zhixiao/node_modules/jsonwebtoken/verify.js:70:17)
2025-08-20 08:13:53:     at requireAdmin (/var/www/zhixiao/src/middleware/adminAuth.js:17:25)
2025-08-20 08:13:53:     at Layer.handleRequest (/var/www/zhixiao/node_modules/router/lib/layer.js:152:17)
2025-08-20 08:13:53:     at next (/var/www/zhixiao/node_modules/router/lib/route.js:157:13)
2025-08-20 08:13:53:     at Route.dispatch (/var/www/zhixiao/node_modules/router/lib/route.js:117:3)
2025-08-20 08:13:53:     at handle (/var/www/zhixiao/node_modules/router/index.js:435:11)
2025-08-20 08:13:53:     at Layer.handleRequest (/var/www/zhixiao/node_modules/router/lib/layer.js:152:17)
2025-08-20 08:13:53:     at /var/www/zhixiao/node_modules/router/index.js:295:15
2025-08-20 08:13:53:     at processParams (/var/www/zhixiao/node_modules/router/index.js:582:12)
2025-08-20 08:13:53:     at next (/var/www/zhixiao/node_modules/router/index.js:291:5)
2025-08-20 08:13:53: [0mGET /api/admin/users [33m401[0m 1.539 ms - 47[0m
2025-08-20 08:14:10: 数据库查询错误: Error: Bind parameters must not contain undefined. To pass SQL NULL specify JS null
2025-08-20 08:14:10:     at PromisePool.execute (/var/www/zhixiao/node_modules/mysql2/lib/promise/pool.js:54:22)
2025-08-20 08:14:10:     at query (/var/www/zhixiao/src/config/database.js:37:34)
2025-08-20 08:14:10:     at Function.getUserHistory (/var/www/zhixiao/src/models/StudyRecord.js:39:29)
2025-08-20 08:14:10:     at /var/www/zhixiao/src/controllers/StudyController.js:325:46
2025-08-20 08:14:10:     at /var/www/zhixiao/src/middleware/errorHandler.js:81:21
2025-08-20 08:14:10:     at Layer.handleRequest (/var/www/zhixiao/node_modules/router/lib/layer.js:152:17)
2025-08-20 08:14:10:     at next (/var/www/zhixiao/node_modules/router/lib/route.js:157:13)
2025-08-20 08:14:10:     at auth (/var/www/zhixiao/src/middleware/auth.js:18:5)
2025-08-20 08:14:10:     at Layer.handleRequest (/var/www/zhixiao/node_modules/router/lib/layer.js:152:17)
2025-08-20 08:14:10:     at next (/var/www/zhixiao/node_modules/router/lib/route.js:157:13) {
2025-08-20 08:14:10:   code: undefined,
2025-08-20 08:14:10:   errno: undefined,
2025-08-20 08:14:10:   sql: undefined,
2025-08-20 08:14:10:   sqlState: undefined,
2025-08-20 08:14:10:   sqlMessage: undefined
2025-08-20 08:14:10: }
2025-08-20 08:14:10: StudyRecord.getUserHistory error: Error: Bind parameters must not contain undefined. To pass SQL NULL specify JS null
2025-08-20 08:14:10:     at PromisePool.execute (/var/www/zhixiao/node_modules/mysql2/lib/promise/pool.js:54:22)
2025-08-20 08:14:10:     at query (/var/www/zhixiao/src/config/database.js:37:34)
2025-08-20 08:14:10:     at Function.getUserHistory (/var/www/zhixiao/src/models/StudyRecord.js:39:29)
2025-08-20 08:14:10:     at /var/www/zhixiao/src/controllers/StudyController.js:325:46
2025-08-20 08:14:10:     at /var/www/zhixiao/src/middleware/errorHandler.js:81:21
2025-08-20 08:14:10:     at Layer.handleRequest (/var/www/zhixiao/node_modules/router/lib/layer.js:152:17)
2025-08-20 08:14:10:     at next (/var/www/zhixiao/node_modules/router/lib/route.js:157:13)
2025-08-20 08:14:10:     at auth (/var/www/zhixiao/src/middleware/auth.js:18:5)
2025-08-20 08:14:10:     at Layer.handleRequest (/var/www/zhixiao/node_modules/router/lib/layer.js:152:17)
2025-08-20 08:14:10:     at next (/var/www/zhixiao/node_modules/router/lib/route.js:157:13) {
2025-08-20 08:14:10:   code: undefined,
2025-08-20 08:14:10:   errno: undefined,
2025-08-20 08:14:10:   sql: undefined,
2025-08-20 08:14:10:   sqlState: undefined,
2025-08-20 08:14:10:   sqlMessage: undefined
2025-08-20 08:14:10: }
2025-08-20 08:14:10: [0mGET /api/study/today [32m200[0m 2.499 ms - 115[0m
2025-08-20 08:14:17: 数据库查询错误: Error: Bind parameters must not contain undefined. To pass SQL NULL specify JS null
2025-08-20 08:14:17:     at PromisePool.execute (/var/www/zhixiao/node_modules/mysql2/lib/promise/pool.js:54:22)
2025-08-20 08:14:17:     at query (/var/www/zhixiao/src/config/database.js:37:34)
2025-08-20 08:14:17:     at Function.getUserHistory (/var/www/zhixiao/src/models/StudyRecord.js:39:29)
2025-08-20 08:14:17:     at /var/www/zhixiao/src/controllers/StudyController.js:386:45
2025-08-20 08:14:17:     at /var/www/zhixiao/src/middleware/errorHandler.js:81:21
2025-08-20 08:14:17:     at Layer.handleRequest (/var/www/zhixiao/node_modules/router/lib/layer.js:152:17)
2025-08-20 08:14:17:     at next (/var/www/zhixiao/node_modules/router/lib/route.js:157:13)
2025-08-20 08:14:17:     at auth (/var/www/zhixiao/src/middleware/auth.js:18:5)
2025-08-20 08:14:17:     at Layer.handleRequest (/var/www/zhixiao/node_modules/router/lib/layer.js:152:17)
2025-08-20 08:14:17:     at next (/var/www/zhixiao/node_modules/router/lib/route.js:157:13) {
2025-08-20 08:14:17:   code: undefined,
2025-08-20 08:14:17:   errno: undefined,
2025-08-20 08:14:17:   sql: undefined,
2025-08-20 08:14:17:   sqlState: undefined,
2025-08-20 08:14:17:   sqlMessage: undefined
2025-08-20 08:14:17: }
2025-08-20 08:14:17: StudyRecord.getUserHistory error: Error: Bind parameters must not contain undefined. To pass SQL NULL specify JS null
2025-08-20 08:14:17:     at PromisePool.execute (/var/www/zhixiao/node_modules/mysql2/lib/promise/pool.js:54:22)
2025-08-20 08:14:17:     at query (/var/www/zhixiao/src/config/database.js:37:34)
2025-08-20 08:14:17:     at Function.getUserHistory (/var/www/zhixiao/src/models/StudyRecord.js:39:29)
2025-08-20 08:14:17:     at /var/www/zhixiao/src/controllers/StudyController.js:386:45
2025-08-20 08:14:17:     at /var/www/zhixiao/src/middleware/errorHandler.js:81:21
2025-08-20 08:14:17:     at Layer.handleRequest (/var/www/zhixiao/node_modules/router/lib/layer.js:152:17)
2025-08-20 08:14:17:     at next (/var/www/zhixiao/node_modules/router/lib/route.js:157:13)
2025-08-20 08:14:17:     at auth (/var/www/zhixiao/src/middleware/auth.js:18:5)
2025-08-20 08:14:17:     at Layer.handleRequest (/var/www/zhixiao/node_modules/router/lib/layer.js:152:17)
2025-08-20 08:14:17:     at next (/var/www/zhixiao/node_modules/router/lib/route.js:157:13) {
2025-08-20 08:14:17:   code: undefined,
2025-08-20 08:14:17:   errno: undefined,
2025-08-20 08:14:17:   sql: undefined,
2025-08-20 08:14:17:   sqlState: undefined,
2025-08-20 08:14:17:   sqlMessage: undefined
2025-08-20 08:14:17: }
2025-08-20 08:14:17: [0mGET /api/study/week [32m200[0m 2.555 ms - 655[0m
2025-08-20 08:14:28: 数据库查询错误: Error: Bind parameters must not contain undefined. To pass SQL NULL specify JS null
2025-08-20 08:14:28:     at PromisePool.execute (/var/www/zhixiao/node_modules/mysql2/lib/promise/pool.js:54:22)
2025-08-20 08:14:28:     at query (/var/www/zhixiao/src/config/database.js:37:34)
2025-08-20 08:14:28:     at Function.getUserStats (/var/www/zhixiao/src/models/StudyRecord.js:111:26)
2025-08-20 08:14:28:     at /var/www/zhixiao/src/controllers/StudyController.js:69:39
2025-08-20 08:14:28:     at /var/www/zhixiao/src/middleware/errorHandler.js:81:21
2025-08-20 08:14:28:     at Layer.handleRequest (/var/www/zhixiao/node_modules/router/lib/layer.js:152:17)
2025-08-20 08:14:28:     at next (/var/www/zhixiao/node_modules/router/lib/route.js:157:13)
2025-08-20 08:14:28:     at auth (/var/www/zhixiao/src/middleware/auth.js:18:5)
2025-08-20 08:14:28:     at Layer.handleRequest (/var/www/zhixiao/node_modules/router/lib/layer.js:152:17)
2025-08-20 08:14:28:     at next (/var/www/zhixiao/node_modules/router/lib/route.js:157:13) {
2025-08-20 08:14:28:   code: undefined,
2025-08-20 08:14:28:   errno: undefined,
2025-08-20 08:14:28:   sql: undefined,
2025-08-20 08:14:28:   sqlState: undefined,
2025-08-20 08:14:28:   sqlMessage: undefined
2025-08-20 08:14:28: }
2025-08-20 08:14:28: [0mGET /api/study/stats [32m200[0m 2.151 ms - 160[0m
2025-08-20 08:14:35: 数据库查询错误: Error: Bind parameters must not contain undefined. To pass SQL NULL specify JS null
2025-08-20 08:14:35:     at PromisePool.execute (/var/www/zhixiao/node_modules/mysql2/lib/promise/pool.js:54:22)
2025-08-20 08:14:35:     at query (/var/www/zhixiao/src/config/database.js:37:34)
2025-08-20 08:14:35:     at Function.getUserStats (/var/www/zhixiao/src/models/StudyRecord.js:111:26)
2025-08-20 08:14:35:     at /var/www/zhixiao/src/controllers/StudyController.js:69:39
2025-08-20 08:14:35:     at /var/www/zhixiao/src/middleware/errorHandler.js:81:21
2025-08-20 08:14:35:     at Layer.handleRequest (/var/www/zhixiao/node_modules/router/lib/layer.js:152:17)
2025-08-20 08:14:35:     at next (/var/www/zhixiao/node_modules/router/lib/route.js:157:13)
2025-08-20 08:14:35:     at auth (/var/www/zhixiao/src/middleware/auth.js:18:5)
2025-08-20 08:14:35:     at Layer.handleRequest (/var/www/zhixiao/node_modules/router/lib/layer.js:152:17)
2025-08-20 08:14:35:     at next (/var/www/zhixiao/node_modules/router/lib/route.js:157:13) {
2025-08-20 08:14:35:   code: undefined,
2025-08-20 08:14:35:   errno: undefined,
2025-08-20 08:14:35:   sql: undefined,
2025-08-20 08:14:35:   sqlState: undefined,
2025-08-20 08:14:35:   sqlMessage: undefined
2025-08-20 08:14:35: }
2025-08-20 08:14:35: [0mGET /api/study/stats [32m200[0m 2.311 ms - 160[0m
2025-08-20 08:14:43: [0mGET /api/study/team/stats [32m200[0m 7.018 ms - 547[0m
2025-08-20 08:14:50: [0mGET /api/docs/list [32m200[0m 4.884 ms - 1941[0m
2025-08-20 08:17:15: [0mGET /api/docs/list [32m200[0m 2.300 ms - 1941[0m
2025-08-20 08:17:37: [0mGET /api/docs/list [32m200[0m 2.784 ms - 1941[0m
2025-08-20 08:17:44: [0mGET /api/docs/search?q=API [32m200[0m 3.241 ms - 1758[0m
2025-08-20 08:17:51: 数据库查询错误: Error: Bind parameters must not contain undefined. To pass SQL NULL specify JS null
2025-08-20 08:17:51:     at PromisePool.execute (/var/www/zhixiao/node_modules/mysql2/lib/promise/pool.js:54:22)
2025-08-20 08:17:51:     at query (/var/www/zhixiao/src/config/database.js:37:34)
2025-08-20 08:17:51:     at Function.getUserStats (/var/www/zhixiao/src/models/StudyRecord.js:111:26)
2025-08-20 08:17:51:     at /var/www/zhixiao/src/controllers/StudyController.js:69:39
2025-08-20 08:17:51:     at /var/www/zhixiao/src/middleware/errorHandler.js:81:21
2025-08-20 08:17:51:     at Layer.handleRequest (/var/www/zhixiao/node_modules/router/lib/layer.js:152:17)
2025-08-20 08:17:51:     at next (/var/www/zhixiao/node_modules/router/lib/route.js:157:13)
2025-08-20 08:17:51:     at auth (/var/www/zhixiao/src/middleware/auth.js:18:5)
2025-08-20 08:17:51:     at Layer.handleRequest (/var/www/zhixiao/node_modules/router/lib/layer.js:152:17)
2025-08-20 08:17:51:     at next (/var/www/zhixiao/node_modules/router/lib/route.js:157:13) {
2025-08-20 08:17:51:   code: undefined,
2025-08-20 08:17:51:   errno: undefined,
2025-08-20 08:17:51:   sql: undefined,
2025-08-20 08:17:51:   sqlState: undefined,
2025-08-20 08:17:51:   sqlMessage: undefined
2025-08-20 08:17:51: }
2025-08-20 08:17:51: [0mGET /api/study/stats [32m200[0m 2.149 ms - 160[0m
2025-08-20 08:18:01: [0mGET /api/study/team/stats [32m200[0m 3.203 ms - 547[0m
2025-08-20 08:18:08: 数据库查询错误: Error: Bind parameters must not contain undefined. To pass SQL NULL specify JS null
2025-08-20 08:18:08:     at PromisePool.execute (/var/www/zhixiao/node_modules/mysql2/lib/promise/pool.js:54:22)
2025-08-20 08:18:08:     at query (/var/www/zhixiao/src/config/database.js:37:34)
2025-08-20 08:18:08:     at Function.getRanking (/var/www/zhixiao/src/models/StudyRecord.js:162:28)
2025-08-20 08:18:08:     at /var/www/zhixiao/src/controllers/StudyController.js:115:41
2025-08-20 08:18:08:     at /var/www/zhixiao/src/middleware/errorHandler.js:81:21
2025-08-20 08:18:08:     at Layer.handleRequest (/var/www/zhixiao/node_modules/router/lib/layer.js:152:17)
2025-08-20 08:18:08:     at next (/var/www/zhixiao/node_modules/router/lib/route.js:157:13)
2025-08-20 08:18:08:     at auth (/var/www/zhixiao/src/middleware/auth.js:18:5)
2025-08-20 08:18:08:     at Layer.handleRequest (/var/www/zhixiao/node_modules/router/lib/layer.js:152:17)
2025-08-20 08:18:08:     at next (/var/www/zhixiao/node_modules/router/lib/route.js:157:13) {
2025-08-20 08:18:08:   code: undefined,
2025-08-20 08:18:08:   errno: undefined,
2025-08-20 08:18:08:   sql: undefined,
2025-08-20 08:18:08:   sqlState: undefined,
2025-08-20 08:18:08:   sqlMessage: undefined
2025-08-20 08:18:08: }
2025-08-20 08:18:08: [0mGET /api/study/ranking [32m200[0m 2.256 ms - 135[0m
2025-08-20 08:18:32: 数据库查询错误: Error: Bind parameters must not contain undefined. To pass SQL NULL specify JS null
2025-08-20 08:18:32:     at PromisePool.execute (/var/www/zhixiao/node_modules/mysql2/lib/promise/pool.js:54:22)
2025-08-20 08:18:32:     at query (/var/www/zhixiao/src/config/database.js:37:34)
2025-08-20 08:18:32:     at Function.getRanking (/var/www/zhixiao/src/models/StudyRecord.js:162:28)
2025-08-20 08:18:32:     at /var/www/zhixiao/src/controllers/StudyController.js:115:41
2025-08-20 08:18:32:     at /var/www/zhixiao/src/middleware/errorHandler.js:81:21
2025-08-20 08:18:32:     at Layer.handleRequest (/var/www/zhixiao/node_modules/router/lib/layer.js:152:17)
2025-08-20 08:18:32:     at next (/var/www/zhixiao/node_modules/router/lib/route.js:157:13)
2025-08-20 08:18:32:     at auth (/var/www/zhixiao/src/middleware/auth.js:18:5)
2025-08-20 08:18:32:     at Layer.handleRequest (/var/www/zhixiao/node_modules/router/lib/layer.js:152:17)
2025-08-20 08:18:32:     at next (/var/www/zhixiao/node_modules/router/lib/route.js:157:13) {
2025-08-20 08:18:32:   code: undefined,
2025-08-20 08:18:32:   errno: undefined,
2025-08-20 08:18:32:   sql: undefined,
2025-08-20 08:18:32:   sqlState: undefined,
2025-08-20 08:18:32:   sqlMessage: undefined
2025-08-20 08:18:32: }
2025-08-20 08:18:32: [0mGET /api/study/ranking [32m200[0m 2.221 ms - 135[0m
2025-08-20 08:18:41: 数据库查询错误: Error: Bind parameters must not contain undefined. To pass SQL NULL specify JS null
2025-08-20 08:18:41:     at PromisePool.execute (/var/www/zhixiao/node_modules/mysql2/lib/promise/pool.js:54:22)
2025-08-20 08:18:41:     at query (/var/www/zhixiao/src/config/database.js:37:34)
2025-08-20 08:18:41:     at Function.getUserHistory (/var/www/zhixiao/src/models/StudyRecord.js:39:29)
2025-08-20 08:18:41:     at /var/www/zhixiao/src/controllers/StudyController.js:301:39
2025-08-20 08:18:41:     at /var/www/zhixiao/src/middleware/errorHandler.js:81:21
2025-08-20 08:18:41:     at Layer.handleRequest (/var/www/zhixiao/node_modules/router/lib/layer.js:152:17)
2025-08-20 08:18:41:     at next (/var/www/zhixiao/node_modules/router/lib/route.js:157:13)
2025-08-20 08:18:41:     at auth (/var/www/zhixiao/src/middleware/auth.js:18:5)
2025-08-20 08:18:41:     at Layer.handleRequest (/var/www/zhixiao/node_modules/router/lib/layer.js:152:17)
2025-08-20 08:18:41:     at next (/var/www/zhixiao/node_modules/router/lib/route.js:157:13) {
2025-08-20 08:18:41:   code: undefined,
2025-08-20 08:18:41:   errno: undefined,
2025-08-20 08:18:41:   sql: undefined,
2025-08-20 08:18:41:   sqlState: undefined,
2025-08-20 08:18:41:   sqlMessage: undefined
2025-08-20 08:18:41: }
2025-08-20 08:18:41: StudyRecord.getUserHistory error: Error: Bind parameters must not contain undefined. To pass SQL NULL specify JS null
2025-08-20 08:18:41:     at PromisePool.execute (/var/www/zhixiao/node_modules/mysql2/lib/promise/pool.js:54:22)
2025-08-20 08:18:41:     at query (/var/www/zhixiao/src/config/database.js:37:34)
2025-08-20 08:18:41:     at Function.getUserHistory (/var/www/zhixiao/src/models/StudyRecord.js:39:29)
2025-08-20 08:18:41:     at /var/www/zhixiao/src/controllers/StudyController.js:301:39
2025-08-20 08:18:41:     at /var/www/zhixiao/src/middleware/errorHandler.js:81:21
2025-08-20 08:18:41:     at Layer.handleRequest (/var/www/zhixiao/node_modules/router/lib/layer.js:152:17)
2025-08-20 08:18:41:     at next (/var/www/zhixiao/node_modules/router/lib/route.js:157:13)
2025-08-20 08:18:41:     at auth (/var/www/zhixiao/src/middleware/auth.js:18:5)
2025-08-20 08:18:41:     at Layer.handleRequest (/var/www/zhixiao/node_modules/router/lib/layer.js:152:17)
2025-08-20 08:18:41:     at next (/var/www/zhixiao/node_modules/router/lib/route.js:157:13) {
2025-08-20 08:18:41:   code: undefined,
2025-08-20 08:18:41:   errno: undefined,
2025-08-20 08:18:41:   sql: undefined,
2025-08-20 08:18:41:   sqlState: undefined,
2025-08-20 08:18:41:   sqlMessage: undefined
2025-08-20 08:18:41: }
2025-08-20 08:18:41: [0mGET /api/study/heatmap [32m200[0m 2.462 ms - 26[0m
2025-08-20 08:20:18: 📴 收到SIGINT信号，正在关闭服务器...
2025-08-20 08:20:18: [dotenv@17.2.1] injecting env (13) from .env -- tip: 🛠️  run anywhere with `dotenvx run -- yourcommand`
2025-08-20 08:20:18: [dotenv@17.2.1] injecting env (0) from .env -- tip: 📡 version env with Radar: https://dotenvx.com/radar
2025-08-20 08:20:18: [dotenv@17.2.1] injecting env (0) from .env -- tip: ⚙️  load multiple .env files with { path: ['.env.local', '.env'] }
2025-08-20 08:20:18: Ignoring invalid configuration option passed to Connection: acquireTimeout. This is currently a warning, but in future versions of MySQL2, an error will be thrown if you pass an invalid configuration option to a Connection
2025-08-20 08:20:18: 🚀 服务器启动成功！
2025-08-20 08:20:18: 📍 端口: 3000
2025-08-20 08:20:18: 🌍 环境: development
2025-08-20 08:20:18: 📖 API文档: http://localhost:3000/api
2025-08-20 08:20:18: 💊 健康检查: http://localhost:3000/health
2025-08-20 08:20:18: ✅ 数据库连接成功
2025-08-20 08:20:32: [0mPOST /api/auth/login [32m200[0m 94.475 ms - 550[0m
2025-08-20 08:20:42: [0mGET /api/study/heatmap [32m200[0m 8.206 ms - 26[0m
2025-08-20 08:20:50: [0mGET /api/study/history [32m200[0m 3.489 ms - 83[0m
2025-08-20 08:29:23: [0mGET /health [32m200[0m 0.558 ms - 105[0m
2025-08-20 08:29:23: [0mGET / [32m200[0m 0.659 ms - 170[0m
2025-08-20 08:29:23: [0mGET /api [32m200[0m 0.870 ms - 274[0m
2025-08-20 08:29:23: [0mPOST /api/auth/login [32m200[0m 81.108 ms - 550[0m
2025-08-20 08:29:33: [0mGET /health [32m200[0m 0.402 ms - 104[0m
2025-08-20 08:29:33: [0mGET / [32m200[0m 0.582 ms - 170[0m
2025-08-20 08:30:53: [0mGET /health [32m200[0m 0.427 ms - 105[0m
2025-08-20 08:33:48: [0mGET /api/health [33m404[0m 1.040 ms - 62[0m
2025-08-20 08:33:55: [0mGET /api/ [32m200[0m 0.576 ms - 274[0m
2025-08-20 08:34:03: [0mGET /api/auth/validate-token [33m404[0m 0.615 ms - 75[0m
2025-08-20 08:36:49: [0mGET /health [32m200[0m 0.403 ms - 105[0m
2025-08-20 08:37:00: [0mGET /api/docs/list [32m200[0m 3.977 ms - 1941[0m
2025-08-20 08:37:05: [0mGET /api/ [32m200[0m 0.471 ms - 274[0m
2025-08-20 08:42:04: [0mGET /health [32m200[0m 0.347 ms - 106[0m
2025-08-20 08:42:25: [0mGET /api/docs/list [32m200[0m 3.453 ms - -[0m
2025-08-20 08:44:00: [0mGET /api/health [33m404[0m 0.578 ms - 62[0m
2025-08-20 08:47:04: [0mGET /api/docs/list [32m200[0m 2.903 ms - -[0m
2025-08-20 08:47:10: [0mGET /api/docs/search?q=API&limit=10 [32m200[0m 3.628 ms - -[0m
2025-08-20 08:47:22: [0mGET /api/docs/list [32m200[0m 2.930 ms - -[0m
2025-08-20 08:47:22: [0mGET /api/docs/search?q=API&limit=10 [32m200[0m 2.394 ms - -[0m
2025-08-20 08:47:22: [0mPOST /api/docs/feedback [33m401[0m 1.215 ms - 44[0m
2025-08-20 08:47:23: [0mPOST /api/docs/feedback [33m401[0m 1.103 ms - 44[0m
2025-08-20 08:47:23: [0mPOST /api/docs/feedback [33m401[0m 0.900 ms - 44[0m
2025-08-20 08:47:24: [0mPOST /api/docs/feedback [33m401[0m 0.752 ms - 44[0m
2025-08-20 08:47:24: [0mPOST /api/docs/feedback [33m401[0m 0.899 ms - 44[0m
2025-08-20 08:54:41: [0mGET /api/docs/feedback [33m404[0m 1.150 ms - 45[0m
2025-08-20 08:54:56: [0mGET /api/docs/search?q=API&limit=10 [32m200[0m 2.353 ms - -[0m
2025-08-20 08:54:56: [0mPOST /api/auth/login [32m200[0m 76.867 ms - 550[0m
2025-08-20 08:55:27: [0mPOST /api/auth/login [32m200[0m 73.522 ms - 550[0m
2025-08-20 08:55:27: [0mGET /health [32m200[0m 0.336 ms - 106[0m
2025-08-20 08:55:51: [0mPOST /api/auth/login [32m200[0m 77.584 ms - 550[0m
2025-08-20 08:55:51: [0mGET /health [32m200[0m 0.360 ms - 106[0m
2025-08-20 08:56:41: [0mGET /api/docs/list [32m200[0m 2.759 ms - -[0m
2025-08-20 08:56:41: [0mGET /api/docs/search?q=API&limit=10 [32m200[0m 3.068 ms - -[0m
2025-08-20 08:56:41: [0mPOST /api/docs/feedback [33m401[0m 0.846 ms - 44[0m
2025-08-20 08:56:41: [0mPOST /api/docs/feedback [33m401[0m 0.729 ms - 44[0m
2025-08-20 08:56:42: [0mPOST /api/docs/feedback [33m401[0m 1.355 ms - 44[0m
2025-08-20 08:56:42: [0mPOST /api/docs/feedback [33m401[0m 0.991 ms - 44[0m
2025-08-20 08:56:43: [0mPOST /api/docs/feedback [33m401[0m 0.709 ms - 44[0m
2025-08-20 08:57:02: [0mGET /api/ [32m200[0m 0.508 ms - 274[0m
2025-08-20 08:57:16: [0mPOST /api/auth/login [32m200[0m 77.004 ms - 550[0m
2025-08-20 08:57:16: [0mGET /health [32m200[0m 0.315 ms - 105[0m
2025-08-20 08:57:17: 📴 收到SIGINT信号，正在关闭服务器...
2025-08-20 08:57:17: [dotenv@17.2.1] injecting env (13) from .env -- tip: 🔐 encrypt with Dotenvx: https://dotenvx.com
2025-08-20 08:57:17: [dotenv@17.2.1] injecting env (0) from .env -- tip: 📡 auto-backup env with Radar: https://dotenvx.com/radar
2025-08-20 08:57:17: [dotenv@17.2.1] injecting env (0) from .env -- tip: ⚙️  specify custom .env file path with { path: '/custom/path/.env' }
2025-08-20 08:57:17: Ignoring invalid configuration option passed to Connection: acquireTimeout. This is currently a warning, but in future versions of MySQL2, an error will be thrown if you pass an invalid configuration option to a Connection
2025-08-20 08:57:18: 🚀 服务器启动成功！
2025-08-20 08:57:18: 📍 端口: 3000
2025-08-20 08:57:18: 🌍 环境: development
2025-08-20 08:57:18: 📖 API文档: http://localhost:3000/api
2025-08-20 08:57:18: 💊 健康检查: http://localhost:3000/health
2025-08-20 08:57:18: ✅ 数据库连接成功
2025-08-20 08:58:55: [0mGET /api/docs/list [32m200[0m 8.661 ms - -[0m
2025-08-20 08:58:55: [0mGET /api/docs/search?q=API&limit=10 [32m200[0m 4.063 ms - -[0m
2025-08-20 08:58:55: [0mPOST /api/docs/feedback [33m401[0m 3.096 ms - 44[0m
2025-08-20 08:58:56: [0mPOST /api/docs/feedback [33m401[0m 1.210 ms - 44[0m
2025-08-20 08:58:56: [0mPOST /api/docs/feedback [33m401[0m 0.981 ms - 44[0m
2025-08-20 08:58:57: [0mPOST /api/docs/feedback [33m401[0m 0.853 ms - 44[0m
2025-08-20 08:58:58: [0mPOST /api/docs/feedback [33m401[0m 0.886 ms - 44[0m
2025-08-20 09:01:31: [0mGET /api/docs/search?q=API&limit=10 [32m200[0m 2.986 ms - -[0m
2025-08-20 09:05:52: [0mPOST /api/auth/login [32m200[0m 89.788 ms - 550[0m
2025-08-20 09:05:52: [0mGET /health [32m200[0m 0.675 ms - 105[0m
2025-08-20 09:59:36: [0mGET /api/ [32m200[0m 0.753 ms - 274[0m
2025-08-20 10:32:04: [0mGET /health [32m200[0m 0.477 ms - 105[0m
2025-08-20 10:32:33: [0mPOST /api/auth/login [32m200[0m 81.989 ms - 550[0m
2025-08-20 10:32:33: [0mGET /health [32m200[0m 0.379 ms - 106[0m
2025-08-20 10:36:32: [0mGET /api/user/profile [33m404[0m 0.725 ms - 68[0m
2025-08-20 10:40:25: [0mGET /api/auth/validate-token [33m404[0m 0.760 ms - 75[0m
2025-08-20 10:40:25: [0mPOST /api/system/api-sync [33m404[0m 1.226 ms - 72[0m
2025-08-20 10:40:25: [0mPOST /api/system/api-sync [33m404[0m 1.077 ms - 72[0m
2025-08-20 10:40:25: [0mGET /api/study/history?startDate=2025-08-20&endDate=2025-08-20&limit=1 [33m401[0m 0.617 ms - 44[0m
2025-08-20 10:40:26: [0mGET /api/user/profile [33m404[0m 0.555 ms - 68[0m
2025-08-20 10:40:26: [0mGET /api/study/history?startDate=2025-08-20&endDate=2025-08-20&limit=1 [33m401[0m 0.763 ms - 62[0m
2025-08-20 10:40:28: [0mGET /api/study/history?startDate=2025-08-17&endDate=2025-08-23&limit=50 [33m401[0m 0.494 ms - 62[0m
2025-08-20 10:40:28: [0mGET /api/study/history?startDate=2025-08-17&endDate=2025-08-23&limit=50 [33m401[0m 0.447 ms - 62[0m
2025-08-20 10:40:41: [0mPOST /api/auth/wechat-login [33m404[0m 1.050 ms - 74[0m
2025-08-20 10:41:22: [0mPOST /api/auth/account-login [33m404[0m 0.674 ms - 75[0m
2025-08-20 10:41:33: [0mPOST /api/auth/send-captcha [33m404[0m 0.845 ms - 74[0m
2025-08-20 10:41:37: [0mPOST /api/auth/wechat-login [33m404[0m 0.791 ms - 74[0m
2025-08-20 10:41:41: [0mPOST /api/auth/wechat-login [33m404[0m 0.812 ms - 74[0m
2025-08-20 10:41:43: [0mPOST /api/auth/account-login [33m404[0m 0.786 ms - 75[0m
2025-08-20 10:41:45: [0mPOST /api/auth/account-login [33m404[0m 0.834 ms - 75[0m
2025-08-20 10:42:41: 📴 收到SIGINT信号，正在关闭服务器...
2025-08-20 10:42:42: [dotenv@17.2.1] injecting env (13) from .env -- tip: 📡 observe env with Radar: https://dotenvx.com/radar
2025-08-20 10:42:42: [dotenv@17.2.1] injecting env (0) from .env -- tip: 📡 auto-backup env with Radar: https://dotenvx.com/radar
2025-08-20 10:42:42: [dotenv@17.2.1] injecting env (0) from .env -- tip: ⚙️  specify custom .env file path with { path: '/custom/path/.env' }
2025-08-20 10:42:42: /var/www/zhixiao/src/controllers/StudyController.js:3
2025-08-20 10:42:42:   static getStats = asyncHandler(async (req, res) => {
2025-08-20 10:42:42:   ^^^^^^
2025-08-20 10:42:42: 
2025-08-20 10:42:42: SyntaxError: Unexpected identifier
2025-08-20 10:42:42:     at internalCompileFunction (node:internal/vm:76:18)
2025-08-20 10:42:42:     at wrapSafe (node:internal/modules/cjs/loader:1283:20)
2025-08-20 10:42:42:     at Module._compile (node:internal/modules/cjs/loader:1328:27)
2025-08-20 10:42:42:     at Object.Module._extensions..js (node:internal/modules/cjs/loader:1422:10)
2025-08-20 10:42:42:     at Module.load (node:internal/modules/cjs/loader:1203:32)
2025-08-20 10:42:42:     at Function.Module._load (node:internal/modules/cjs/loader:1019:12)
2025-08-20 10:42:42:     at Module.require (node:internal/modules/cjs/loader:1231:19)
2025-08-20 10:42:42:     at Module.Hook._require.Module.require (/usr/lib/node_modules/pm2/node_modules/require-in-the-middle/index.js:101:39)
2025-08-20 10:42:42:     at require (node:internal/modules/helpers:177:18)
2025-08-20 10:42:42:     at Object.<anonymous> (/var/www/zhixiao/src/routes/study.js:2:25)
2025-08-20 10:42:46: [dotenv@17.2.1] injecting env (13) from .env -- tip: ⚙️  load multiple .env files with { path: ['.env.local', '.env'] }
2025-08-20 10:42:46: [dotenv@17.2.1] injecting env (0) from .env -- tip: 🔐 prevent building .env in docker: https://dotenvx.com/prebuild
2025-08-20 10:42:46: [dotenv@17.2.1] injecting env (0) from .env -- tip: 📡 observe env with Radar: https://dotenvx.com/radar
2025-08-20 10:42:46: /var/www/zhixiao/src/controllers/StudyController.js:3
2025-08-20 10:42:46:   static getStats = asyncHandler(async (req, res) => {
2025-08-20 10:42:46:   ^^^^^^
2025-08-20 10:42:46: 
2025-08-20 10:42:46: SyntaxError: Unexpected identifier
2025-08-20 10:42:46:     at internalCompileFunction (node:internal/vm:76:18)
2025-08-20 10:42:46:     at wrapSafe (node:internal/modules/cjs/loader:1283:20)
2025-08-20 10:42:46:     at Module._compile (node:internal/modules/cjs/loader:1328:27)
2025-08-20 10:42:46:     at Object.Module._extensions..js (node:internal/modules/cjs/loader:1422:10)
2025-08-20 10:42:46:     at Module.load (node:internal/modules/cjs/loader:1203:32)
2025-08-20 10:42:46:     at Function.Module._load (node:internal/modules/cjs/loader:1019:12)
2025-08-20 10:42:46:     at Module.require (node:internal/modules/cjs/loader:1231:19)
2025-08-20 10:42:46:     at Module.Hook._require.Module.require (/usr/lib/node_modules/pm2/node_modules/require-in-the-middle/index.js:101:39)
2025-08-20 10:42:46:     at require (node:internal/modules/helpers:177:18)
2025-08-20 10:42:46:     at Object.<anonymous> (/var/www/zhixiao/src/routes/study.js:2:25)
2025-08-20 10:42:49: [dotenv@17.2.1] injecting env (13) from .env -- tip: 📡 version env with Radar: https://dotenvx.com/radar
2025-08-20 10:42:49: [dotenv@17.2.1] injecting env (0) from .env -- tip: 📡 observe env with Radar: https://dotenvx.com/radar
2025-08-20 10:42:49: [dotenv@17.2.1] injecting env (0) from .env -- tip: 📡 version env with Radar: https://dotenvx.com/radar
2025-08-20 10:42:50: /var/www/zhixiao/src/controllers/StudyController.js:3
2025-08-20 10:42:50:   static getStats = asyncHandler(async (req, res) => {
2025-08-20 10:42:50:   ^^^^^^
2025-08-20 10:42:50: 
2025-08-20 10:42:50: SyntaxError: Unexpected identifier
2025-08-20 10:42:50:     at internalCompileFunction (node:internal/vm:76:18)
2025-08-20 10:42:50:     at wrapSafe (node:internal/modules/cjs/loader:1283:20)
2025-08-20 10:42:50:     at Module._compile (node:internal/modules/cjs/loader:1328:27)
2025-08-20 10:42:50:     at Object.Module._extensions..js (node:internal/modules/cjs/loader:1422:10)
2025-08-20 10:42:50:     at Module.load (node:internal/modules/cjs/loader:1203:32)
2025-08-20 10:42:50:     at Function.Module._load (node:internal/modules/cjs/loader:1019:12)
2025-08-20 10:42:50:     at Module.require (node:internal/modules/cjs/loader:1231:19)
2025-08-20 10:42:50:     at Module.Hook._require.Module.require (/usr/lib/node_modules/pm2/node_modules/require-in-the-middle/index.js:101:39)
2025-08-20 10:42:50:     at require (node:internal/modules/helpers:177:18)
2025-08-20 10:42:50:     at Object.<anonymous> (/var/www/zhixiao/src/routes/study.js:2:25)
2025-08-20 10:42:53: [dotenv@17.2.1] injecting env (13) from .env -- tip: ⚙️  override existing env vars with { override: true }
2025-08-20 10:42:53: [dotenv@17.2.1] injecting env (0) from .env -- tip: 📡 version env with Radar: https://dotenvx.com/radar
2025-08-20 10:42:53: [dotenv@17.2.1] injecting env (0) from .env -- tip: 🔐 prevent building .env in docker: https://dotenvx.com/prebuild
2025-08-20 10:42:53: /var/www/zhixiao/src/controllers/StudyController.js:3
2025-08-20 10:42:53:   static getStats = asyncHandler(async (req, res) => {
2025-08-20 10:42:53:   ^^^^^^
2025-08-20 10:42:53: 
2025-08-20 10:42:53: SyntaxError: Unexpected identifier
2025-08-20 10:42:53:     at internalCompileFunction (node:internal/vm:76:18)
2025-08-20 10:42:53:     at wrapSafe (node:internal/modules/cjs/loader:1283:20)
2025-08-20 10:42:53:     at Module._compile (node:internal/modules/cjs/loader:1328:27)
2025-08-20 10:42:53:     at Object.Module._extensions..js (node:internal/modules/cjs/loader:1422:10)
2025-08-20 10:42:53:     at Module.load (node:internal/modules/cjs/loader:1203:32)
2025-08-20 10:42:53:     at Function.Module._load (node:internal/modules/cjs/loader:1019:12)
2025-08-20 10:42:53:     at Module.require (node:internal/modules/cjs/loader:1231:19)
2025-08-20 10:42:53:     at Module.Hook._require.Module.require (/usr/lib/node_modules/pm2/node_modules/require-in-the-middle/index.js:101:39)
2025-08-20 10:42:53:     at require (node:internal/modules/helpers:177:18)
2025-08-20 10:42:53:     at Object.<anonymous> (/var/www/zhixiao/src/routes/study.js:2:25)
2025-08-20 10:42:56: [dotenv@17.2.1] injecting env (13) from .env -- tip: 📡 version env with Radar: https://dotenvx.com/radar
2025-08-20 10:42:56: [dotenv@17.2.1] injecting env (0) from .env -- tip: 📡 observe env with Radar: https://dotenvx.com/radar
2025-08-20 10:42:57: [dotenv@17.2.1] injecting env (0) from .env -- tip: 📡 auto-backup env with Radar: https://dotenvx.com/radar
2025-08-20 10:42:57: /var/www/zhixiao/src/controllers/StudyController.js:3
2025-08-20 10:42:57:   static getStats = asyncHandler(async (req, res) => {
2025-08-20 10:42:57:   ^^^^^^
2025-08-20 10:42:57: 
2025-08-20 10:42:57: SyntaxError: Unexpected identifier
2025-08-20 10:42:57:     at internalCompileFunction (node:internal/vm:76:18)
2025-08-20 10:42:57:     at wrapSafe (node:internal/modules/cjs/loader:1283:20)
2025-08-20 10:42:57:     at Module._compile (node:internal/modules/cjs/loader:1328:27)
2025-08-20 10:42:57:     at Object.Module._extensions..js (node:internal/modules/cjs/loader:1422:10)
2025-08-20 10:42:57:     at Module.load (node:internal/modules/cjs/loader:1203:32)
2025-08-20 10:42:57:     at Function.Module._load (node:internal/modules/cjs/loader:1019:12)
2025-08-20 10:42:57:     at Module.require (node:internal/modules/cjs/loader:1231:19)
2025-08-20 10:42:57:     at Module.Hook._require.Module.require (/usr/lib/node_modules/pm2/node_modules/require-in-the-middle/index.js:101:39)
2025-08-20 10:42:57:     at require (node:internal/modules/helpers:177:18)
2025-08-20 10:42:57:     at Object.<anonymous> (/var/www/zhixiao/src/routes/study.js:2:25)
2025-08-20 10:46:30: [dotenv@17.2.1] injecting env (13) from .env -- tip: 🔐 encrypt with Dotenvx: https://dotenvx.com
2025-08-20 10:46:30: [dotenv@17.2.1] injecting env (0) from .env -- tip: ⚙️  suppress all logs with { quiet: true }
2025-08-20 10:46:30: [dotenv@17.2.1] injecting env (0) from .env -- tip: ⚙️  override existing env vars with { override: true }
2025-08-20 10:46:30: TypeError: argument handler must be a function
2025-08-20 10:46:30:     at Route.<computed> [as post] (/var/www/zhixiao/node_modules/router/lib/route.js:228:15)
2025-08-20 10:46:30:     at Function.Router.<computed> [as post] (/var/www/zhixiao/node_modules/router/index.js:448:19)
2025-08-20 10:46:30:     at Object.<anonymous> (/var/www/zhixiao/src/routes/study.js:9:8)
2025-08-20 10:46:30:     at Module._compile (node:internal/modules/cjs/loader:1364:14)
2025-08-20 10:46:30:     at Object.Module._extensions..js (node:internal/modules/cjs/loader:1422:10)
2025-08-20 10:46:30:     at Module.load (node:internal/modules/cjs/loader:1203:32)
2025-08-20 10:46:30:     at Function.Module._load (node:internal/modules/cjs/loader:1019:12)
2025-08-20 10:46:30:     at Module.require (node:internal/modules/cjs/loader:1231:19)
2025-08-20 10:46:30:     at Module.Hook._require.Module.require (/usr/lib/node_modules/pm2/node_modules/require-in-the-middle/index.js:101:39)
2025-08-20 10:46:30:     at require (node:internal/modules/helpers:177:18)
2025-08-20 10:46:33: [dotenv@17.2.1] injecting env (13) from .env -- tip: 🛠️  run anywhere with `dotenvx run -- yourcommand`
2025-08-20 10:46:33: [dotenv@17.2.1] injecting env (0) from .env -- tip: 🔐 prevent committing .env to code: https://dotenvx.com/precommit
2025-08-20 10:46:33: [dotenv@17.2.1] injecting env (0) from .env -- tip: ⚙️  specify custom .env file path with { path: '/custom/path/.env' }
2025-08-20 10:46:33: TypeError: argument handler must be a function
2025-08-20 10:46:33:     at Route.<computed> [as post] (/var/www/zhixiao/node_modules/router/lib/route.js:228:15)
2025-08-20 10:46:33:     at Function.Router.<computed> [as post] (/var/www/zhixiao/node_modules/router/index.js:448:19)
2025-08-20 10:46:33:     at Object.<anonymous> (/var/www/zhixiao/src/routes/study.js:9:8)
2025-08-20 10:46:33:     at Module._compile (node:internal/modules/cjs/loader:1364:14)
2025-08-20 10:46:33:     at Object.Module._extensions..js (node:internal/modules/cjs/loader:1422:10)
2025-08-20 10:46:33:     at Module.load (node:internal/modules/cjs/loader:1203:32)
2025-08-20 10:46:33:     at Function.Module._load (node:internal/modules/cjs/loader:1019:12)
2025-08-20 10:46:33:     at Module.require (node:internal/modules/cjs/loader:1231:19)
2025-08-20 10:46:33:     at Module.Hook._require.Module.require (/usr/lib/node_modules/pm2/node_modules/require-in-the-middle/index.js:101:39)
2025-08-20 10:46:33:     at require (node:internal/modules/helpers:177:18)
2025-08-20 10:46:37: [dotenv@17.2.1] injecting env (13) from .env -- tip: ⚙️  enable debug logging with { debug: true }
2025-08-20 10:46:37: [dotenv@17.2.1] injecting env (0) from .env -- tip: 📡 version env with Radar: https://dotenvx.com/radar
2025-08-20 10:46:37: [dotenv@17.2.1] injecting env (0) from .env -- tip: 🔐 prevent building .env in docker: https://dotenvx.com/prebuild
2025-08-20 10:46:37: TypeError: argument handler must be a function
2025-08-20 10:46:37:     at Route.<computed> [as post] (/var/www/zhixiao/node_modules/router/lib/route.js:228:15)
2025-08-20 10:46:37:     at Function.Router.<computed> [as post] (/var/www/zhixiao/node_modules/router/index.js:448:19)
2025-08-20 10:46:37:     at Object.<anonymous> (/var/www/zhixiao/src/routes/study.js:9:8)
2025-08-20 10:46:37:     at Module._compile (node:internal/modules/cjs/loader:1364:14)
2025-08-20 10:46:37:     at Object.Module._extensions..js (node:internal/modules/cjs/loader:1422:10)
2025-08-20 10:46:37:     at Module.load (node:internal/modules/cjs/loader:1203:32)
2025-08-20 10:46:37:     at Function.Module._load (node:internal/modules/cjs/loader:1019:12)
2025-08-20 10:46:37:     at Module.require (node:internal/modules/cjs/loader:1231:19)
2025-08-20 10:46:37:     at Module.Hook._require.Module.require (/usr/lib/node_modules/pm2/node_modules/require-in-the-middle/index.js:101:39)
2025-08-20 10:46:37:     at require (node:internal/modules/helpers:177:18)
2025-08-20 10:46:40: [dotenv@17.2.1] injecting env (13) from .env -- tip: ⚙️  enable debug logging with { debug: true }
2025-08-20 10:46:40: [dotenv@17.2.1] injecting env (0) from .env -- tip: 📡 auto-backup env with Radar: https://dotenvx.com/radar
2025-08-20 10:46:40: [dotenv@17.2.1] injecting env (0) from .env -- tip: ⚙️  load multiple .env files with { path: ['.env.local', '.env'] }
2025-08-20 10:46:41: TypeError: argument handler must be a function
2025-08-20 10:46:41:     at Route.<computed> [as post] (/var/www/zhixiao/node_modules/router/lib/route.js:228:15)
2025-08-20 10:46:41:     at Function.Router.<computed> [as post] (/var/www/zhixiao/node_modules/router/index.js:448:19)
2025-08-20 10:46:41:     at Object.<anonymous> (/var/www/zhixiao/src/routes/study.js:9:8)
2025-08-20 10:46:41:     at Module._compile (node:internal/modules/cjs/loader:1364:14)
2025-08-20 10:46:41:     at Object.Module._extensions..js (node:internal/modules/cjs/loader:1422:10)
2025-08-20 10:46:41:     at Module.load (node:internal/modules/cjs/loader:1203:32)
2025-08-20 10:46:41:     at Function.Module._load (node:internal/modules/cjs/loader:1019:12)
2025-08-20 10:46:41:     at Module.require (node:internal/modules/cjs/loader:1231:19)
2025-08-20 10:46:41:     at Module.Hook._require.Module.require (/usr/lib/node_modules/pm2/node_modules/require-in-the-middle/index.js:101:39)
2025-08-20 10:46:41:     at require (node:internal/modules/helpers:177:18)
2025-08-20 10:46:44: [dotenv@17.2.1] injecting env (13) from .env -- tip: 📡 version env with Radar: https://dotenvx.com/radar
2025-08-20 10:46:44: [dotenv@17.2.1] injecting env (0) from .env -- tip: ⚙️  suppress all logs with { quiet: true }
2025-08-20 10:46:44: [dotenv@17.2.1] injecting env (0) from .env -- tip: 🔐 prevent committing .env to code: https://dotenvx.com/precommit
2025-08-20 10:46:44: TypeError: argument handler must be a function
2025-08-20 10:46:44:     at Route.<computed> [as post] (/var/www/zhixiao/node_modules/router/lib/route.js:228:15)
2025-08-20 10:46:44:     at Function.Router.<computed> [as post] (/var/www/zhixiao/node_modules/router/index.js:448:19)
2025-08-20 10:46:44:     at Object.<anonymous> (/var/www/zhixiao/src/routes/study.js:9:8)
2025-08-20 10:46:44:     at Module._compile (node:internal/modules/cjs/loader:1364:14)
2025-08-20 10:46:44:     at Object.Module._extensions..js (node:internal/modules/cjs/loader:1422:10)
2025-08-20 10:46:44:     at Module.load (node:internal/modules/cjs/loader:1203:32)
2025-08-20 10:46:44:     at Function.Module._load (node:internal/modules/cjs/loader:1019:12)
2025-08-20 10:46:44:     at Module.require (node:internal/modules/cjs/loader:1231:19)
2025-08-20 10:46:44:     at Module.Hook._require.Module.require (/usr/lib/node_modules/pm2/node_modules/require-in-the-middle/index.js:101:39)
2025-08-20 10:46:44:     at require (node:internal/modules/helpers:177:18)
2025-08-20 10:56:27: [dotenv@17.2.1] injecting env (13) from .env -- tip: ⚙️  suppress all logs with { quiet: true }
2025-08-20 10:56:27: [dotenv@17.2.1] injecting env (0) from .env -- tip: ⚙️  load multiple .env files with { path: ['.env.local', '.env'] }
2025-08-20 10:56:27: [dotenv@17.2.1] injecting env (0) from .env -- tip: ⚙️  override existing env vars with { override: true }
2025-08-20 10:56:28: /var/www/zhixiao/src/controllers/StudyController.js:786
2025-08-20 10:56:28: 
2025-08-20 10:56:28: 
2025-08-20 10:56:28: 
2025-08-20 10:56:28: SyntaxError: Unexpected end of input
2025-08-20 10:56:28:     at internalCompileFunction (node:internal/vm:76:18)
2025-08-20 10:56:28:     at wrapSafe (node:internal/modules/cjs/loader:1283:20)
2025-08-20 10:56:28:     at Module._compile (node:internal/modules/cjs/loader:1328:27)
2025-08-20 10:56:28:     at Object.Module._extensions..js (node:internal/modules/cjs/loader:1422:10)
2025-08-20 10:56:28:     at Module.load (node:internal/modules/cjs/loader:1203:32)
2025-08-20 10:56:28:     at Function.Module._load (node:internal/modules/cjs/loader:1019:12)
2025-08-20 10:56:28:     at Module.require (node:internal/modules/cjs/loader:1231:19)
2025-08-20 10:56:28:     at Module.Hook._require.Module.require (/usr/lib/node_modules/pm2/node_modules/require-in-the-middle/index.js:101:39)
2025-08-20 10:56:28:     at require (node:internal/modules/helpers:177:18)
2025-08-20 10:56:28:     at Object.<anonymous> (/var/www/zhixiao/src/routes/study.js:2:25)
2025-08-20 10:56:31: [dotenv@17.2.1] injecting env (13) from .env -- tip: 🛠️  run anywhere with `dotenvx run -- yourcommand`
2025-08-20 10:56:31: [dotenv@17.2.1] injecting env (0) from .env -- tip: 📡 auto-backup env with Radar: https://dotenvx.com/radar
2025-08-20 10:56:31: [dotenv@17.2.1] injecting env (0) from .env -- tip: 📡 auto-backup env with Radar: https://dotenvx.com/radar
2025-08-20 10:56:31: /var/www/zhixiao/src/controllers/StudyController.js:786
2025-08-20 10:56:31: 
2025-08-20 10:56:31: 
2025-08-20 10:56:31: 
2025-08-20 10:56:31: SyntaxError: Unexpected end of input
2025-08-20 10:56:31:     at internalCompileFunction (node:internal/vm:76:18)
2025-08-20 10:56:31:     at wrapSafe (node:internal/modules/cjs/loader:1283:20)
2025-08-20 10:56:31:     at Module._compile (node:internal/modules/cjs/loader:1328:27)
2025-08-20 10:56:31:     at Object.Module._extensions..js (node:internal/modules/cjs/loader:1422:10)
2025-08-20 10:56:31:     at Module.load (node:internal/modules/cjs/loader:1203:32)
2025-08-20 10:56:31:     at Function.Module._load (node:internal/modules/cjs/loader:1019:12)
2025-08-20 10:56:31:     at Module.require (node:internal/modules/cjs/loader:1231:19)
2025-08-20 10:56:31:     at Module.Hook._require.Module.require (/usr/lib/node_modules/pm2/node_modules/require-in-the-middle/index.js:101:39)
2025-08-20 10:56:31:     at require (node:internal/modules/helpers:177:18)
2025-08-20 10:56:31:     at Object.<anonymous> (/var/www/zhixiao/src/routes/study.js:2:25)
2025-08-20 10:56:35: [dotenv@17.2.1] injecting env (13) from .env -- tip: ⚙️  specify custom .env file path with { path: '/custom/path/.env' }
2025-08-20 10:56:35: [dotenv@17.2.1] injecting env (0) from .env -- tip: 📡 version env with Radar: https://dotenvx.com/radar
2025-08-20 10:56:35: [dotenv@17.2.1] injecting env (0) from .env -- tip: ⚙️  enable debug logging with { debug: true }
2025-08-20 10:56:35: /var/www/zhixiao/src/controllers/StudyController.js:786
2025-08-20 10:56:35: 
2025-08-20 10:56:35: 
2025-08-20 10:56:35: 
2025-08-20 10:56:35: SyntaxError: Unexpected end of input
2025-08-20 10:56:35:     at internalCompileFunction (node:internal/vm:76:18)
2025-08-20 10:56:35:     at wrapSafe (node:internal/modules/cjs/loader:1283:20)
2025-08-20 10:56:35:     at Module._compile (node:internal/modules/cjs/loader:1328:27)
2025-08-20 10:56:35:     at Object.Module._extensions..js (node:internal/modules/cjs/loader:1422:10)
2025-08-20 10:56:35:     at Module.load (node:internal/modules/cjs/loader:1203:32)
2025-08-20 10:56:35:     at Function.Module._load (node:internal/modules/cjs/loader:1019:12)
2025-08-20 10:56:35:     at Module.require (node:internal/modules/cjs/loader:1231:19)
2025-08-20 10:56:35:     at Module.Hook._require.Module.require (/usr/lib/node_modules/pm2/node_modules/require-in-the-middle/index.js:101:39)
2025-08-20 10:56:35:     at require (node:internal/modules/helpers:177:18)
2025-08-20 10:56:35:     at Object.<anonymous> (/var/www/zhixiao/src/routes/study.js:2:25)
2025-08-20 10:56:38: [dotenv@17.2.1] injecting env (13) from .env -- tip: 🔐 prevent building .env in docker: https://dotenvx.com/prebuild
2025-08-20 10:56:38: [dotenv@17.2.1] injecting env (0) from .env -- tip: 🔐 prevent building .env in docker: https://dotenvx.com/prebuild
2025-08-20 10:56:38: [dotenv@17.2.1] injecting env (0) from .env -- tip: 🛠️  run anywhere with `dotenvx run -- yourcommand`
2025-08-20 10:56:39: /var/www/zhixiao/src/controllers/StudyController.js:786
2025-08-20 10:56:39: 
2025-08-20 10:56:39: 
2025-08-20 10:56:39: 
2025-08-20 10:56:39: SyntaxError: Unexpected end of input
2025-08-20 10:56:39:     at internalCompileFunction (node:internal/vm:76:18)
2025-08-20 10:56:39:     at wrapSafe (node:internal/modules/cjs/loader:1283:20)
2025-08-20 10:56:39:     at Module._compile (node:internal/modules/cjs/loader:1328:27)
2025-08-20 10:56:39:     at Object.Module._extensions..js (node:internal/modules/cjs/loader:1422:10)
2025-08-20 10:56:39:     at Module.load (node:internal/modules/cjs/loader:1203:32)
2025-08-20 10:56:39:     at Function.Module._load (node:internal/modules/cjs/loader:1019:12)
2025-08-20 10:56:39:     at Module.require (node:internal/modules/cjs/loader:1231:19)
2025-08-20 10:56:39:     at Module.Hook._require.Module.require (/usr/lib/node_modules/pm2/node_modules/require-in-the-middle/index.js:101:39)
2025-08-20 10:56:39:     at require (node:internal/modules/helpers:177:18)
2025-08-20 10:56:39:     at Object.<anonymous> (/var/www/zhixiao/src/routes/study.js:2:25)
2025-08-20 10:56:42: [dotenv@17.2.1] injecting env (13) from .env -- tip: 🔐 prevent committing .env to code: https://dotenvx.com/precommit
2025-08-20 10:56:42: [dotenv@17.2.1] injecting env (0) from .env -- tip: ⚙️  override existing env vars with { override: true }
2025-08-20 10:56:42: [dotenv@17.2.1] injecting env (0) from .env -- tip: ⚙️  specify custom .env file path with { path: '/custom/path/.env' }
2025-08-20 10:56:42: /var/www/zhixiao/src/controllers/StudyController.js:786
2025-08-20 10:56:42: 
2025-08-20 10:56:42: 
2025-08-20 10:56:42: 
2025-08-20 10:56:42: SyntaxError: Unexpected end of input
2025-08-20 10:56:42:     at internalCompileFunction (node:internal/vm:76:18)
2025-08-20 10:56:42:     at wrapSafe (node:internal/modules/cjs/loader:1283:20)
2025-08-20 10:56:42:     at Module._compile (node:internal/modules/cjs/loader:1328:27)
2025-08-20 10:56:42:     at Object.Module._extensions..js (node:internal/modules/cjs/loader:1422:10)
2025-08-20 10:56:42:     at Module.load (node:internal/modules/cjs/loader:1203:32)
2025-08-20 10:56:42:     at Function.Module._load (node:internal/modules/cjs/loader:1019:12)
2025-08-20 10:56:42:     at Module.require (node:internal/modules/cjs/loader:1231:19)
2025-08-20 10:56:42:     at Module.Hook._require.Module.require (/usr/lib/node_modules/pm2/node_modules/require-in-the-middle/index.js:101:39)
2025-08-20 10:56:42:     at require (node:internal/modules/helpers:177:18)
2025-08-20 10:56:42:     at Object.<anonymous> (/var/www/zhixiao/src/routes/study.js:2:25)
2025-08-20 11:08:06: [dotenv@17.2.1] injecting env (13) from .env -- tip: 🔐 encrypt with Dotenvx: https://dotenvx.com
2025-08-20 11:08:06: [dotenv@17.2.1] injecting env (0) from .env -- tip: 📡 observe env with Radar: https://dotenvx.com/radar
2025-08-20 11:08:06: [dotenv@17.2.1] injecting env (0) from .env -- tip: ⚙️  suppress all logs with { quiet: true }
2025-08-20 11:08:07: TypeError: argument handler must be a function
2025-08-20 11:08:07:     at Route.<computed> [as post] (/var/www/zhixiao/node_modules/router/lib/route.js:228:15)
2025-08-20 11:08:07:     at Function.Router.<computed> [as post] (/var/www/zhixiao/node_modules/router/index.js:448:19)
2025-08-20 11:08:07:     at Object.<anonymous> (/var/www/zhixiao/src/routes/study.js:9:8)
2025-08-20 11:08:07:     at Module._compile (node:internal/modules/cjs/loader:1364:14)
2025-08-20 11:08:07:     at Object.Module._extensions..js (node:internal/modules/cjs/loader:1422:10)
2025-08-20 11:08:07:     at Module.load (node:internal/modules/cjs/loader:1203:32)
2025-08-20 11:08:07:     at Function.Module._load (node:internal/modules/cjs/loader:1019:12)
2025-08-20 11:08:07:     at Module.require (node:internal/modules/cjs/loader:1231:19)
2025-08-20 11:08:07:     at Module.Hook._require.Module.require (/usr/lib/node_modules/pm2/node_modules/require-in-the-middle/index.js:101:39)
2025-08-20 11:08:07:     at require (node:internal/modules/helpers:177:18)
2025-08-20 11:08:10: [dotenv@17.2.1] injecting env (13) from .env -- tip: 📡 auto-backup env with Radar: https://dotenvx.com/radar
2025-08-20 11:08:10: [dotenv@17.2.1] injecting env (0) from .env -- tip: 🔐 prevent building .env in docker: https://dotenvx.com/prebuild
2025-08-20 11:08:10: [dotenv@17.2.1] injecting env (0) from .env -- tip: 📡 version env with Radar: https://dotenvx.com/radar
2025-08-20 11:08:10: TypeError: argument handler must be a function
2025-08-20 11:08:10:     at Route.<computed> [as post] (/var/www/zhixiao/node_modules/router/lib/route.js:228:15)
2025-08-20 11:08:10:     at Function.Router.<computed> [as post] (/var/www/zhixiao/node_modules/router/index.js:448:19)
2025-08-20 11:08:10:     at Object.<anonymous> (/var/www/zhixiao/src/routes/study.js:9:8)
2025-08-20 11:08:10:     at Module._compile (node:internal/modules/cjs/loader:1364:14)
2025-08-20 11:08:10:     at Object.Module._extensions..js (node:internal/modules/cjs/loader:1422:10)
2025-08-20 11:08:10:     at Module.load (node:internal/modules/cjs/loader:1203:32)
2025-08-20 11:08:10:     at Function.Module._load (node:internal/modules/cjs/loader:1019:12)
2025-08-20 11:08:10:     at Module.require (node:internal/modules/cjs/loader:1231:19)
2025-08-20 11:08:10:     at Module.Hook._require.Module.require (/usr/lib/node_modules/pm2/node_modules/require-in-the-middle/index.js:101:39)
2025-08-20 11:08:10:     at require (node:internal/modules/helpers:177:18)
2025-08-20 11:08:14: [dotenv@17.2.1] injecting env (13) from .env -- tip: ⚙️  suppress all logs with { quiet: true }
2025-08-20 11:08:14: [dotenv@17.2.1] injecting env (0) from .env -- tip: ⚙️  write to custom object with { processEnv: myObject }
2025-08-20 11:08:14: [dotenv@17.2.1] injecting env (0) from .env -- tip: ⚙️  override existing env vars with { override: true }
2025-08-20 11:08:14: TypeError: argument handler must be a function
2025-08-20 11:08:14:     at Route.<computed> [as post] (/var/www/zhixiao/node_modules/router/lib/route.js:228:15)
2025-08-20 11:08:14:     at Function.Router.<computed> [as post] (/var/www/zhixiao/node_modules/router/index.js:448:19)
2025-08-20 11:08:14:     at Object.<anonymous> (/var/www/zhixiao/src/routes/study.js:9:8)
2025-08-20 11:08:14:     at Module._compile (node:internal/modules/cjs/loader:1364:14)
2025-08-20 11:08:14:     at Object.Module._extensions..js (node:internal/modules/cjs/loader:1422:10)
2025-08-20 11:08:14:     at Module.load (node:internal/modules/cjs/loader:1203:32)
2025-08-20 11:08:14:     at Function.Module._load (node:internal/modules/cjs/loader:1019:12)
2025-08-20 11:08:14:     at Module.require (node:internal/modules/cjs/loader:1231:19)
2025-08-20 11:08:14:     at Module.Hook._require.Module.require (/usr/lib/node_modules/pm2/node_modules/require-in-the-middle/index.js:101:39)
2025-08-20 11:08:14:     at require (node:internal/modules/helpers:177:18)
2025-08-20 11:08:17: [dotenv@17.2.1] injecting env (13) from .env -- tip: 📡 observe env with Radar: https://dotenvx.com/radar
2025-08-20 11:08:17: [dotenv@17.2.1] injecting env (0) from .env -- tip: 📡 version env with Radar: https://dotenvx.com/radar
2025-08-20 11:08:17: [dotenv@17.2.1] injecting env (0) from .env -- tip: ⚙️  override existing env vars with { override: true }
2025-08-20 11:08:17: TypeError: argument handler must be a function
2025-08-20 11:08:17:     at Route.<computed> [as post] (/var/www/zhixiao/node_modules/router/lib/route.js:228:15)
2025-08-20 11:08:17:     at Function.Router.<computed> [as post] (/var/www/zhixiao/node_modules/router/index.js:448:19)
2025-08-20 11:08:17:     at Object.<anonymous> (/var/www/zhixiao/src/routes/study.js:9:8)
2025-08-20 11:08:17:     at Module._compile (node:internal/modules/cjs/loader:1364:14)
2025-08-20 11:08:17:     at Object.Module._extensions..js (node:internal/modules/cjs/loader:1422:10)
2025-08-20 11:08:17:     at Module.load (node:internal/modules/cjs/loader:1203:32)
2025-08-20 11:08:17:     at Function.Module._load (node:internal/modules/cjs/loader:1019:12)
2025-08-20 11:08:17:     at Module.require (node:internal/modules/cjs/loader:1231:19)
2025-08-20 11:08:17:     at Module.Hook._require.Module.require (/usr/lib/node_modules/pm2/node_modules/require-in-the-middle/index.js:101:39)
2025-08-20 11:08:17:     at require (node:internal/modules/helpers:177:18)
2025-08-20 11:08:21: [dotenv@17.2.1] injecting env (13) from .env -- tip: ⚙️  enable debug logging with { debug: true }
2025-08-20 11:08:21: [dotenv@17.2.1] injecting env (0) from .env -- tip: 📡 version env with Radar: https://dotenvx.com/radar
2025-08-20 11:08:21: [dotenv@17.2.1] injecting env (0) from .env -- tip: 🛠️  run anywhere with `dotenvx run -- yourcommand`
2025-08-20 11:08:21: TypeError: argument handler must be a function
2025-08-20 11:08:21:     at Route.<computed> [as post] (/var/www/zhixiao/node_modules/router/lib/route.js:228:15)
2025-08-20 11:08:21:     at Function.Router.<computed> [as post] (/var/www/zhixiao/node_modules/router/index.js:448:19)
2025-08-20 11:08:21:     at Object.<anonymous> (/var/www/zhixiao/src/routes/study.js:9:8)
2025-08-20 11:08:21:     at Module._compile (node:internal/modules/cjs/loader:1364:14)
2025-08-20 11:08:21:     at Object.Module._extensions..js (node:internal/modules/cjs/loader:1422:10)
2025-08-20 11:08:21:     at Module.load (node:internal/modules/cjs/loader:1203:32)
2025-08-20 11:08:21:     at Function.Module._load (node:internal/modules/cjs/loader:1019:12)
2025-08-20 11:08:21:     at Module.require (node:internal/modules/cjs/loader:1231:19)
2025-08-20 11:08:21:     at Module.Hook._require.Module.require (/usr/lib/node_modules/pm2/node_modules/require-in-the-middle/index.js:101:39)
2025-08-20 11:08:21:     at require (node:internal/modules/helpers:177:18)
2025-08-20 11:11:28: [dotenv@17.2.1] injecting env (13) from .env -- tip: 🔐 encrypt with Dotenvx: https://dotenvx.com
2025-08-20 11:11:28: [dotenv@17.2.1] injecting env (0) from .env -- tip: 🔐 prevent building .env in docker: https://dotenvx.com/prebuild
2025-08-20 11:11:28: [dotenv@17.2.1] injecting env (0) from .env -- tip: ⚙️  override existing env vars with { override: true }
2025-08-20 11:11:28: 🚀 服务器启动成功！
2025-08-20 11:11:28: 📍 端口: 3000
2025-08-20 11:11:28: 🌍 环境: production
2025-08-20 11:11:28: 📖 API文档: http://localhost:3000/api
2025-08-20 11:11:28: 💊 健康检查: http://localhost:3000/health
2025-08-20 11:11:28: ✅ 数据库连接成功
2025-08-20 11:11:49: ::ffff:127.0.0.1 - - [20/Aug/2025:03:11:49 +0000] "GET /health HTTP/1.1" 200 103 "-" "curl/7.68.0"
2025-08-20 11:12:54: ::ffff:127.0.0.1 - - [20/Aug/2025:03:12:54 +0000] "GET /health HTTP/1.1" 200 103 "-" "curl/7.68.0"
2025-08-20 11:13:11: ::ffff:127.0.0.1 - - [20/Aug/2025:03:13:11 +0000] "POST /api/auth/login HTTP/1.1" 200 550 "-" "curl/7.68.0"
2025-08-20 11:13:11: ::ffff:127.0.0.1 - - [20/Aug/2025:03:13:11 +0000] "GET /health HTTP/1.1" 200 104 "-" "curl/7.68.0"
2025-08-20 11:33:12: [dotenv@17.2.1] injecting env (13) from .env -- tip: ⚙️  load multiple .env files with { path: ['.env.local', '.env'] }
2025-08-20 11:33:12: [dotenv@17.2.1] injecting env (0) from .env -- tip: ⚙️  write to custom object with { processEnv: myObject }
2025-08-20 11:33:12: [dotenv@17.2.1] injecting env (0) from .env -- tip: 📡 version env with Radar: https://dotenvx.com/radar
2025-08-20 11:33:13: 🚀 服务器启动成功！
2025-08-20 11:33:13: 📍 端口: 3000
2025-08-20 11:33:13: 🌍 环境: production
2025-08-20 11:33:13: 📖 API文档: http://localhost:3000/api
2025-08-20 11:33:13: 💊 健康检查: http://localhost:3000/health
2025-08-20 11:33:13: ✅ 数据库连接成功
